Invoice Part Number,Invoice Part Description,Category,Family,Ordered Qty,Rate,Total Amount Ordered
327901G000,C/GAS HYUNDAI BRIO 06-11 KIA R,Accelerator Cable,Interior,100,5.38,538
327902D200,CABLES GAS ELANTRA 02-06,Accelerator Cable,Interior,100,3.85,385
28113F2000,AIR FILTER ELANTRA 17-18/KONA,Air Filter,Fuel & Air,1600,5.82375,9318
281131G000,FILTER-AIR CLEANER,Air Filter,Fuel & Air,100,3.89,389
28113-1r100,FILTER-AIR CLEANER,Air Filter,Fuel & Air,1500,5.22,7830
281132M200,FILTER-AIR CLEANER,Air Filter,Fuel & Air,100,5.92,592
28113-2M300,FILTER-AIR CLEANER,Air Filter,Fuel & Air,1500,6.6,9900
28113-2p100,FILTER-AIR CLEANER,Air Filter,Fuel & Air,1500,6.06,9090
28113-2s000,FILTER-AIR CLEANER,Air Filter,Fuel & Air,1500,5.28,7920
28113-2w100,FILTER-AIR CLEANER,Air Filter,Fuel & Air,1500,6.49,9735
281133K200,FILTER-AIR CLEANER,Air Filter,Fuel & Air,100,6.66,666
28113-3x000,FILTER-AIR CLEANER,Air Filter,Fuel & Air,1500,5.65,8475
28113-a9100,FILTER-AIR CLEANER,Air Filter,Fuel & Air,1500,8.57,12855
28113-c1100,FILTER-AIR CLEANER,Air Filter,Fuel & Air,1600,6.75625,10810
28113-d3300,FILTER-AIR CLEANER,Air Filter,Fuel & Air,1600,6.696875,10715
28113G2100,FILTER-AIR CLEANER,Air Filter,Fuel & Air,100,6.66,666
28113-K2100,FILTER-AIR CLEANER,Air Filter,Fuel & Air,1500,5.4,8100
28113-L5100,FILTER-AIR CLEANER,Air Filter,Fuel & Air,1500,6.27,9405
517601G000,BALL JOINT ASSY,Ball Joint,Suspension,100,10.33,1033
517602H000,BALL JOINT ASSY,Ball Joint,Suspension,100,11.28,1128
551304D000,BALL JOINT ASSY,Ball Joint,Suspension,100,9.38,938
54530F2000,"BALL JOINT ASSY,LH",Ball Joint,Suspension,100,8.75,875
54530F2100,"BALL JOINT ASSY,RH",Ball Joint,Suspension,100,8.75,875
545300U000,BALL JOINT ASSY-LWR ARM,Ball Joint,Suspension,100,7.59,759
545303B000,BALL JOINT ASSY-LWR ARM,Ball Joint,Suspension,100,6.37,637
54530C1000,BALL JOINT ASSY-LWR ARM,Ball Joint,Suspension,100,13.91,1391
54530C1100,BALL JOINT ASSY-LWR ARM,Ball Joint,Suspension,100,13.91,1391
5450338A01,BALL JOINT KIT-RR SUSP CTR,Ball Joint,Suspension,100,6.27,627
544303K000,BALL JOINT-ASSY,Ball Joint,Suspension,100,7.7,770
"54503-22A00
",H/RH -Ball Joint Abajo- Hyundai,Ball Joint,Suspension,100,3.65,365
"54530-24000
",H/RH -Ball Joint Abajo- Hyundai,Ball Joint,Suspension,40,4.06,162.4
"51760-1G001
",LH/RH -Ball Joint Abajo- Hyundai,Ball Joint,Suspension,200,5.19,1038
"51760-2E000
",LH/RH -Ball Joint Abajo- Hyundai,Ball Joint,Suspension,100,5.54,554
"51760-2G000
",LH/RH -Ball Joint Abajo- Hyundai,Ball Joint,Suspension,300,7.923333333,2377
"51760-3K000
",LH/RH -Ball Joint Abajo- Hyundai,Ball Joint,Suspension,200,9.28,1856
"54530-2B000
",LH/RH -Ball Joint Abajo- Hyundai,Ball Joint,Suspension,40,4.6,184
"54530-3S000
",LH/RH -Ball Joint Abajo- Hyundai,Ball Joint,Suspension,300,8.033333333,2410
"54530-3X000
",LH/RH -Ball Joint Abajo- Hyundai,Ball Joint,Suspension,300,5.623333333,1687
"54530-2K000
",LH/RH -Ball Joint Abajo- Kia,Ball Joint,Suspension,200,4.01,802
MN161705,MR589421,Ball Joint,Suspension,50,50.51,2525.5
MN161706,MR589422,Ball Joint,Suspension,50,50.51,2525.5
971111R000,BLOWER MOTOR ACCENT 12-16,Blower Motor,Heat & Air Conditioning,100,21.01,2101
273002E601,BOBINA HYUNDAI/KIA 16-=UF816,Blower Motor,Heat & Air Conditioning,100,14.48,1448
273012B010,BOBINA KIA SOUL 10-1.6LT,Blower Motor,Heat & Air Conditioning,100,14.44,1444
273012B100,BOBINA RIO 12-,Blower Motor,Heat & Air Conditioning,100,15.31,1531
273013C000,BOBINA SORENTO 07-,Blower Motor,Heat & Air Conditioning,100,13.96,1396
971132B005,SWITCH ASSY-STOP LAMP(4P),Blower Motor,Heat & Air Conditioning,100,33.16,3316
971133X000,MOTOR & FAN ASSY-A:C BLOWER,Blower Motor Relay,Electrical-Switch & Relay,100,36.39,3639
971202D000,MOTOR & FAN ASSY-A:C BLOWER,Blower Motor Relay,Electrical-Switch & Relay,125,3.13,391.25
587322D000,M/FRENO FRONT RH ELANTRA 01-RI,Brake Hose,Brake & Wheel Hub,50,4.11,205.5
587312D000,M/FRENO LH ELANTRA 01-06,Brake Hose,Brake & Wheel Hub,50,4.11,205.5
587312S100,MANGA FR FRT LH TUCSON 10-12,Brake Hose,Brake & Wheel Hub,50,4.74,237
587323K000,MANGA FR FRT RH SONATA 06-10,Brake Hose,Brake & Wheel Hub,50,7.72,386
587322S100,MANGA FRT RH TUCSON 10-,Brake Hose,Brake & Wheel Hub,50,4.74,237
587313K000,MANHA FR LH SONATA 2.4L 06-10,Brake Hose,Brake & Wheel Hub,50,7.72,386
938103K000,SWITCH ASSY-IGN,Brake Light Switch,Electrical-Switch & Relay,100,3.71,371
97133D1000,CABIN FILTER TUCSON 16-,Cabin Air Filter,Heat & Air Conditioning,100,8.91,891
5810222A00,BELLOWS-STEERING GEAR BOX,Caliper Repair Kit,Brake & Wheel Hub,100,6.36,636
5810224A00,SEAL KIT-FR DISC BRAKE,Caliper Repair Kit,Brake & Wheel Hub,100,4.19,419
581022EA00,SEAL KIT-FR DISC BRAKE,Caliper Repair Kit,Brake & Wheel Hub,100,2.28,228
5810237A10,SEAL KIT-FR DISC BRAKE,Caliper Repair Kit,Brake & Wheel Hub,100,3.92,392
5830328A00,SEAL KIT-FR DISC BRAKE,Caliper Repair Kit,Brake & Wheel Hub,100,3.09,309
583301G000,SEAL KIT-RR DISC BRAKE,Caliper Repair Kit,Brake & Wheel Hub,30,8.97,269.1
393502B030,CAM SENSOR ACCENT/BRIO 2012-,Camshaft Position Sensor,Ignition,100,8.85,885
416101R100,B/CLUTCH ACCENT 12-,Clutch Master Cylinder,Transmission-Manual,100,10.11,1011
416101G000,B/CLUTCH BRIO/RIO 06-,Clutch Master Cylinder,Transmission-Manual,100,12.46,1246
416052M100,CLUTCH MASTER:CYLINDER & HOSE,Clutch Master Cylinder,Transmission-Manual,100,16.22,1622
416052S000,CLUTCH MASTER:CYLINDER & HOSE,Clutch Master Cylinder,Transmission-Manual,100,15.38,1538
416053X100,CLUTCH MASTER:CYLINDER & HOSE,Clutch Master Cylinder,Transmission-Manual,100,14.78,1478
416102D100,CLUTCH MASTER:CYLINDER & HOSE,Clutch Master Cylinder,Transmission-Manual,100,18.67,1867
416052H000,SENSOR-KNOCK RH,Clutch Master Cylinder,Transmission-Manual,100,17.37,1737
51450-S04-003,51450S01023,Control Arm,Suspension,20,36.25,725
51460-S04-003,51460S01023,Control Arm,Suspension,20,36.25,725
54500-22000,ACCENT 95-99,Control Arm,Suspension,200,19.28,3856
54501-22000,ACCENT 95-99,Control Arm,Suspension,200,19.28,3856
545001R000,ARM COMPLETE-FR LWR LH,Control Arm,Suspension,300,26.31666667,7895
545003K060,ARM COMPLETE-FR LWR LH,Control Arm,Suspension,100,88.64,8864
545011R000,ARM COMPLETE-FR LWR RH,Control Arm,Suspension,300,26.31666667,7895
545013K060,ARM COMPLETE-FR LWR RH,Control Arm,Suspension,100,88.64,8864
54500E6100,"ARM COMPLETE-FR LWR,LH",Control Arm,Suspension,100,62.19,6219
54501E6100,"ARM COMPLETE-FR LWR,RH",Control Arm,Suspension,100,62.19,6219
545002C002,ARM COMPLETE-LWR LH,Control Arm,Suspension,100,37.84,3784
545002C607,ARM COMPLETE-LWR LH,Control Arm,Suspension,100,37.84,3784
545012C002,ARM COMPLETE-LWR RH,Control Arm,Suspension,100,37.84,3784
545012C607,ARM COMPLETE-LWR RH,Control Arm,Suspension,100,37.84,3784
51360-TR0-A51,ARM LOWER W B/JOINT [ LH]CIVIC & ACURA ILX 2013-2015,Control Arm,Suspension,50,56.9,2845
51350-TR0-A51,ARM LOWER W B/JOINT [ RH]CIVIC & ACURA ILX 2013-2015,Control Arm,Suspension,50,55.33,2766.5
51350-TR0-A01,ARM LOWER W B/JOINT [ RH]CIVIC 2012,Control Arm,Suspension,50,55.95,2797.5
51360-TR0-A01,ARM LOWER W B/JOINT [LH]CIVIC 2012,Control Arm,Suspension,50,56.99,2849.5
"545002S100
",ARM- SEIKKO,Control Arm,Suspension,100,31.95,3195
"545002W200
",ARM- SEIKKO,Control Arm,Suspension,75,36.09,2706.75
"545003S000
",ARM- SEIKKO,Control Arm,Suspension,200,50.65,10130
"545003W102
",ARM- SEIKKO,Control Arm,Suspension,75,31.95,2396.25
"545004D100
",ARM- SEIKKO,Control Arm,Suspension,75,36.96,2772
"545004Z000
",ARM- SEIKKO,Control Arm,Suspension,100,36.09,3609
"54500A7000
",ARM- SEIKKO,Control Arm,Suspension,75,25.69,1926.75
"54500C1000
",ARM- SEIKKO,Control Arm,Suspension,100,29.45,2945
"54500D3000
",ARM- SEIKKO,Control Arm,Suspension,200,44.195,8839
"54500F3000
",ARM- SEIKKO,Control Arm,Suspension,150,29.2,4380
"54500J9000
",ARM- SEIKKO,Control Arm,Suspension,100,29.32,2932
"545012W200
",ARM- SEIKKO,Control Arm,Suspension,75,36.09,2706.75
"545013S000
",ARM- SEIKKO,Control Arm,Suspension,200,50.65,10130
"545013W102
",ARM- SEIKKO,Control Arm,Suspension,75,31.95,2396.25
"545014D100
",ARM- SEIKKO,Control Arm,Suspension,75,36.96,2772
"545014Z000
",ARM- SEIKKO,Control Arm,Suspension,100,36.09,3609
"54501A7000
",ARM- SEIKKO,Control Arm,Suspension,75,25.69,1926.75
"54501C1000
",ARM- SEIKKO,Control Arm,Suspension,100,29.45,2945
"54501D3000
",ARM- SEIKKO,Control Arm,Suspension,200,44.195,8839
"54501F3000
",ARM- SEIKKO,Control Arm,Suspension,150,29.2,4380
"54501J9000
",ARM- SEIKKO,Control Arm,Suspension,100,29.32,2932
54840-3R000,ARM- SEIKKO,Control Arm,Suspension,300,4.156666667,1247
4013A010,ARM W B JOINT RH LANCER(08/14)O'LANDER(07/13)O'LANDER SPORT(11/14),Control Arm,Suspension,100,38.79,3879
MR589421,ARM W B/JOINT LOWER [LH] MIT/ENDEAVOR V6 3.8L 04/11,Control Arm,Suspension,50,57.43,2871.5
MR589422,ARM W B/JOINT LOWER [RH] MIT/ENDEAVOR V6 3.8L 04/11,Control Arm,Suspension,50,54.48,2724
51450-SV4-A00,ARM W JOINT [UP/RH] ACCORD(94-97),Control Arm,Suspension,13,29.89,388.57
MR554375,B/JOINT LF]GALANT(02-03)4CY-V6(ALL)ECLIPSE(00-05)4CY-V6(ALL),Control Arm,Suspension,30,59.59,1787.7
MR554376,B/JOINT RF]GALANT(02-03)4CY-V6(ALL)ECLIPSE(00-05)4CY-V6(ALL),Control Arm,Suspension,30,55.68,1670.4
551002G000,B/TRAILING ARM RR ELANTRA 07-1,Control Arm,Suspension,100,11.28,1128
51350-S0X-A02,BJ ORIGINALLY INSTALLED,Control Arm,Suspension,30,69.66,2089.8
51350-SHJ-A01,BJ ORIGINALLY INSTALLED,Control Arm,Suspension,50,69.66,3483
51350-SWA-A01,BJ ORIGINALLY INSTALLED,Control Arm,Suspension,50,69.66,3483
51350-T0A-A02,BJ ORIGINALLY INSTALLED,Control Arm,Suspension,50,76.85,3842.5
51350-T1W-A55,BJ ORIGINALLY INSTALLED,Control Arm,Suspension,20,76.41,1528.2
51350-TK8-A01,BJ ORIGINALLY INSTALLED,Control Arm,Suspension,50,71.95,3597.5
51360-S0X-A02,BJ ORIGINALLY INSTALLED,Control Arm,Suspension,30,69.66,2089.8
51360-SHJ-A01,BJ ORIGINALLY INSTALLED,Control Arm,Suspension,50,69.66,3483
51360-SWA-A01,BJ ORIGINALLY INSTALLED,Control Arm,Suspension,50,69.66,3483
51360-T0A-A02,BJ ORIGINALLY INSTALLED,Control Arm,Suspension,50,76.8,3840
51360-T1W-A55,BJ ORIGINALLY INSTALLED,Control Arm,Suspension,20,76.41,1528.2
51360-TK8-A01,BJ ORIGINALLY INSTALLED,Control Arm,Suspension,50,71.95,3597.5
51450-S10-020,BJ ORIGINALLY INSTALLED,Control Arm,Suspension,30,29.85,895.5
51450-S84-A01,BJ ORIGINALLY INSTALLED,Control Arm,Suspension,40,29.75,1190
51450-SDA-A01,BJ ORIGINALLY INSTALLED,Control Arm,Suspension,50,28.75,1437.5
51450-SR3-013,BJ ORIGINALLY INSTALLED,Control Arm,Suspension,20,27.95,559
51460-S84-A01,BJ ORIGINALLY INSTALLED,Control Arm,Suspension,40,29.75,1190
51460-SDA-A01,BJ ORIGINALLY INSTALLED,Control Arm,Suspension,50,28.75,1437.5
51460-SR3-013,BJ ORIGINALLY INSTALLED,Control Arm,Suspension,19,27.95,531.05
51460-SV4-A00,BJ ORIGINALLY INSTALLED,Control Arm,Suspension,30,28.95,868.5
51510-TA0-A03,BJ ORIGINALLY INSTALLED,Control Arm,Suspension,50,31.95,1597.5
51520-TA0-A03,BJ ORIGINALLY INSTALLED,Control Arm,Suspension,50,31.95,1597.5
54500-25001,BRIO 00-05,Control Arm,Suspension,200,16.88,3376
54501-25001,BRIO 00-05,Control Arm,Suspension,200,16.88,3376
552742S000,BUSH-RR SUSPENSION ARM,Control Arm,Suspension,100,9.12,912
552752S000,"BUSH-RR TRAILING ARM,LH",Control Arm,Suspension,100,9.12,912
MR496793,C ARM W B/JOINT[UP/LF]MONTERO(01-06),Control Arm,Suspension,50,35.1,1755
MR496794,C ARM W B/JOINT[UP/RH MONTERO(01-06),Control Arm,Suspension,50,36.11,1805.5
4013A009,CONTROL ARM,Control Arm,Suspension,100,37.95,3795
4013A309,CONTROL ARM,Control Arm,Suspension,98,35.34,3463.32
4013A310,CONTROL ARM,Control Arm,Suspension,100,35.34,3534
4013A443,CONTROL ARM,Control Arm,Suspension,100,41.95,4195
4013A444,CONTROL ARM,Control Arm,Suspension,100,41.95,4195
45201-65J00,CONTROL ARM,Control Arm,Suspension,100,35.89,3589
45201-79J00,CONTROL ARM,Control Arm,Suspension,100,28.88,2888
45202-59J00,CONTROL ARM,Control Arm,Suspension,100,29.47,2947
45202-65J00,CONTROL ARM,Control Arm,Suspension,100,35.97,3597
45202-67D01,CONTROL ARM,Control Arm,Suspension,50,59.95,2997.5
45202-79J00,CONTROL ARM,Control Arm,Suspension,100,29.82,2982
48068-02190,CONTROL ARM,Control Arm,Suspension,150,39.96,5994
48068-02300,CONTROL ARM,Control Arm,Suspension,100,36.89,3689
48068-06170,CONTROL ARM,Control Arm,Suspension,50,45.17,2258.5
48068-08011,CONTROL ARM,Control Arm,Suspension,50,40.84,2042
48068-08021,CONTROL ARM,Control Arm,Suspension,100,39.96,3996
48068-0R010,CONTROL ARM,Control Arm,Suspension,50,39.96,1998
48068-12171,CONTROL ARM,Control Arm,Suspension,100,37.78,3778
48068-16060,CONTROL ARM,Control Arm,Suspension,100,29.98,2998
48068-21020,CONTROL ARM,Control Arm,Suspension,100,39.39,3939
48068-33020,CONTROL ARM,Control Arm,Suspension,50,50.51,2525.5
48068-42012,CONTROL ARM,Control Arm,Suspension,50,37.95,1897.5
48068-46011,CONTROL ARM,Control Arm,Suspension,100,36.2,3620
48068-59035,CONTROL ARM,Control Arm,Suspension,50,30.25,1512.5
48068-59055,CONTROL ARM,Control Arm,Suspension,100,30.25,3025
48068-59095,CONTROL ARM,Control Arm,Suspension,300,29.98,8994
48068-60010,CONTROL ARM,Control Arm,Suspension,50,69.51,3475.5
48069-02190,CONTROL ARM,Control Arm,Suspension,150,39.96,5994
48069-02300,CONTROL ARM,Control Arm,Suspension,50,36.89,1844.5
48069-06170,CONTROL ARM,Control Arm,Suspension,50,48.17,2408.5
48069-08011,CONTROL ARM,Control Arm,Suspension,50,39.84,1992
48069-08021,CONTROL ARM,Control Arm,Suspension,100,39.86,3986
48069-0R010,CONTROL ARM,Control Arm,Suspension,50,40.76,2038
48069-16060,CONTROL ARM,Control Arm,Suspension,100,29.68,2968
48069-21020,CONTROL ARM,Control Arm,Suspension,100,40.39,4039
48069-33020,CONTROL ARM,Control Arm,Suspension,100,48.51,4851
48069-42012,CONTROL ARM,Control Arm,Suspension,50,39.81,1990.5
48069-46011,CONTROL ARM,Control Arm,Suspension,100,36.2,3620
48069-48041,CONTROL ARM,Control Arm,Suspension,100,39.86,3986
48069-59035,CONTROL ARM,Control Arm,Suspension,50,28.5,1425
48069-59055,CONTROL ARM,Control Arm,Suspension,100,28.5,2850
48069-59095,CONTROL ARM,Control Arm,Suspension,300,31.95,9585
48069-60010,CONTROL ARM,Control Arm,Suspension,50,68.51,3425.5
48610-60050,CONTROL ARM,Control Arm,Suspension,50,29.9,1495
48630-60020,CONTROL ARM,Control Arm,Suspension,50,31.8,1590
B01A-34-300E,CONTROL ARM,Control Arm,Suspension,50,59.68,2984
B01A-34-350E,CONTROL ARM,Control Arm,Suspension,50,59.68,2984
B25D-34-300D,CONTROL ARM,Control Arm,Suspension,50,30.75,1537.5
B25D-34-350B,CONTROL ARM,Control Arm,Suspension,50,30.75,1537.5
BBM2-34-300,CONTROL ARM,Control Arm,Suspension,50,49.75,2487.5
BBM2-34-350,CONTROL ARM,Control Arm,Suspension,50,49.75,2487.5
DA7H-34-300,CONTROL ARM,Control Arm,Suspension,199,45.64,9082.36
DA7H-34-350,CONTROL ARM,Control Arm,Suspension,200,45.64,9128
EH44-34-300C,CONTROL ARM,Control Arm,Suspension,50,69.21,3460.5
EH44-34-350C,CONTROL ARM,Control Arm,Suspension,50,69.21,3460.5
GJ6A-34-300E,CONTROL ARM,Control Arm,Suspension,30,39.9,1197
MB809220,CONTROL ARM,Control Arm,Suspension,200,16.7,3340
MB809221,CONTROL ARM,Control Arm,Suspension,200,16.7,3340
MB809222,CONTROL ARM,Control Arm,Suspension,200,16.7,3340
MB809223,CONTROL ARM,Control Arm,Suspension,200,16.7,3340
MB831035,CONTROL ARM,Control Arm,Suspension,100,48.02,4802
MB831036,CONTROL ARM,Control Arm,Suspension,100,48.02,4802
MB912077,CONTROL ARM,Control Arm,Suspension,50,36.64,1832
MB912078,CONTROL ARM,Control Arm,Suspension,50,36.64,1832
MN101741,CONTROL ARM,Control Arm,Suspension,50,29.94,1497
MN101742,CONTROL ARM,Control Arm,Suspension,50,29.94,1497
MN161353,CONTROL ARM,Control Arm,Suspension,50,69.7,3485
MN161354,CONTROL ARM,Control Arm,Suspension,50,69.7,3485
MR241341,CONTROL ARM,Control Arm,Suspension,150,29.77,4465.5
MR241342,CONTROL ARM,Control Arm,Suspension,148,29.77,4405.96
MR403419,CONTROL ARM,Control Arm,Suspension,100,37.95,3795
MR403420,CONTROL ARM,Control Arm,Suspension,100,37.95,3795
MR496795,CONTROL ARM,Control Arm,Suspension,50,76.96,3848
MR496796,CONTROL ARM,Control Arm,Suspension,50,76.96,3848
"545001U000
",CONTROL ARM- SEIKKO,Control Arm,Suspension,100,32.59,3259
"545001W000
",CONTROL ARM- SEIKKO,Control Arm,Suspension,100,24.44,2444
"54500-22200
",CONTROL ARM- SEIKKO,Control Arm,Suspension,100,22.17,2217
"5450025000
",CONTROL ARM- SEIKKO,Control Arm,Suspension,100,22,2200
"5450029500
",CONTROL ARM- SEIKKO,Control Arm,Suspension,75,27.57,2067.75
"545002D001
",CONTROL ARM- SEIKKO,Control Arm,Suspension,100,23.81,2381
"545002H000
",CONTROL ARM- SEIKKO,Control Arm,Suspension,100,23.81,2381
"545002K200
",CONTROL ARM- SEIKKO,Control Arm,Suspension,80,31.95,2556
"545002K300
",CONTROL ARM- SEIKKO,Control Arm,Suspension,100,31.95,3195
"545003S200
",CONTROL ARM- SEIKKO,Control Arm,Suspension,200,50.34,10068
"545003X000
",CONTROL ARM- SEIKKO,Control Arm,Suspension,200,34.185,6837
"545003X700
",CONTROL ARM- SEIKKO,Control Arm,Suspension,100,24.44,2444
"545011U000
",CONTROL ARM- SEIKKO,Control Arm,Suspension,100,32.59,3259
"545011W000
",CONTROL ARM- SEIKKO,Control Arm,Suspension,100,24.44,2444
"5450122200
",CONTROL ARM- SEIKKO,Control Arm,Suspension,100,22.17,2217
"5450125000
",CONTROL ARM- SEIKKO,Control Arm,Suspension,100,22,2200
"5450129500
",CONTROL ARM- SEIKKO,Control Arm,Suspension,75,27.57,2067.75
"545012D001
",CONTROL ARM- SEIKKO,Control Arm,Suspension,100,23.81,2381
"545012K200
",CONTROL ARM- SEIKKO,Control Arm,Suspension,80,31.95,2556
"545012S100
",CONTROL ARM- SEIKKO,Control Arm,Suspension,100,31.95,3195
"545013S200
",CONTROL ARM- SEIKKO,Control Arm,Suspension,200,50.34,10068
"545013X000
",CONTROL ARM- SEIKKO,Control Arm,Suspension,200,34.185,6837
"545013X700
",CONTROL ARM- SEIKKO,Control Arm,Suspension,100,24.44,2444
UB39-34-260A,Control Arm W BALL JOINT UP LH B2000-2200 & 2600,Control Arm,Suspension,100,48.11,4811
UB39-34-210A,Control Arm W BALL JOINT UP RH B2000-2200 & 2600,Control Arm,Suspension,100,48.03,4803
48068-04040,CONTROL ARM WITH BALL J INSTALLED,Control Arm,Suspension,50,67.95,3397.5
48069-04040,CONTROL ARM WITH BALL J INSTALLED,Control Arm,Suspension,50,68.88,3444
48610-04020,CONTROL ARM WITH BALL J INSTALLED,Control Arm,Suspension,50,49.55,2477.5
48630-04020,CONTROL ARM WITH BALL J INSTALLED,Control Arm,Suspension,50,49.95,2497.5
54500-41U02,CONTROL ARM WITH BALL J INSTALLED,Control Arm,Suspension,45,47.95,2157.75
54501-41U02,CONTROL ARM WITH BALL J INSTALLED,Control Arm,Suspension,45,47.95,2157.75
48068-35081,CONTROL ARM WITHOUT BALL JOINTS,Control Arm,Suspension,50,58.43,2921.5
48069-35081,CONTROL ARM WITHOUT BALL JOINTS,Control Arm,Suspension,50,58.9,2945
54500-2F001,ELANTRA 01-06 SPECTRA 2.0 04-09,Control Arm,Suspension,200,20.69,4138
54501-2F001,ELANTRA 01-06 SPECTRA 2.0 04-09,Control Arm,Suspension,200,20.69,4138
54500-2V000,ELANTRA 1.8 11-16 ELANTRA GT 13-17 VELOSTER 12-17,Control Arm,Suspension,200,21.24,4248
54501-2V000,ELANTRA 1.8 11-16 ELANTRA GT 13-17 VELOSTER 12-17,Control Arm,Suspension,200,21.24,4248
54501-F2AA0,ELANTRA 17-20 ALL ELANTRA GT 18-20,Control Arm,Suspension,200,25.39,5078
54500-F2AA0,ELANTRA 17-20 ALL ELANTRA GT 18-20 FORTE 19-21,Control Arm,Suspension,200,25.39,5078
54501-1M100,ELANTRA 2.0 07-12 FORTE 10-13,Control Arm,Suspension,200,20.69,4138
54500-A7100,FORTE 14-18,Control Arm,Suspension,200,22.33,4466
54501-A7100,FORTE 14-18,Control Arm,Suspension,200,22.33,4466
545002M000,"LATERAL ARM ASSY-FR,LH",Control Arm,Suspension,100,22.98,2298
545012M500,"LATERAL ARM ASSY-FR,RH",Control Arm,Suspension,100,22.98,2298
KA0G-34-350J,LOWER CONTROL ARM LH MAZDA 6 2014-2020 CX5 2013-2016,Control Arm,Suspension,50,66.95,3347.5
KA0G-34-300J,LOWER CONTROL ARM RH MAZDA 6 2014-2020 CX5 2013-2016,Control Arm,Suspension,50,67.99,3399.5
B60S-34-300G,Mazda 3 2014-2017,Control Arm,Suspension,50,64.79,3239.5
B60S-34-350G,Mazda 3 2014-2017,Control Arm,Suspension,49,67.9,3327.1
54500-22100,PLATO FRONT LEFT,Control Arm,Suspension,200,19.28,3856
54500-2D000,PLATO FRONT LEFT,Control Arm,Suspension,200,20.69,4138
54500-2K500,PLATO FRONT LEFT,Control Arm,Suspension,200,27.77,5554
54500-F2000,PLATO FRONT LEFT,Control Arm,Suspension,200,25.39,5078
54500-1E000,PLATO FRONT LEFT BRIO 06-11 RIO 06-11 RIOS 06-11,Control Arm,Suspension,200,20.15,4030
54500-C5150,PLATO FRONT LEFT SORENTO 16-20,Control Arm,Suspension,200,36.37,7274
54501-22100,PLATO FRONT RIGHT,Control Arm,Suspension,200,19.28,3856
54501-2D000,PLATO FRONT RIGHT,Control Arm,Suspension,200,20.69,4138
54501-2H000,PLATO FRONT RIGHT,Control Arm,Suspension,200,20.69,4138
54501-2K500,PLATO FRONT RIGHT,Control Arm,Suspension,200,27.77,5554
54501-F2000,PLATO FRONT RIGHT,Control Arm,Suspension,200,25.39,5078
54501-1E000,PLATO FRONT RIGHT BRIO 06-11 RIO 06-11 RIOS 06-11,Control Arm,Suspension,200,20.15,4030
54501-C5150,PLATO FRONT RIGHT SORENTO 16-20,Control Arm,Suspension,200,36.37,7274
54500-ET000,Sentra CA with BJ,Control Arm,Suspension,50,29.95,1497.5
54501-ET000,Sentra CA with BJ,Control Arm,Suspension,50,29.95,1497.5
54500-D9000,TUCSON 16-21 SPORTAGE 17-22,Control Arm,Suspension,200,25.6,5120
54501-D9000,TUCSON 16-21 SPORTAGE 17-22,Control Arm,Suspension,200,25.6,5120
51350-S04-A10,ARM ONLY,Control Arm Bushing,Suspension,10,51.95,519.5
51350-S10-A00,ARM ONLY,Control Arm Bushing,Suspension,30,47.92,1437.6
51350-S5A-A03,ARM ONLY,Control Arm Bushing,Suspension,100,51.95,5195
51350-S9A-A02,ARM ONLY,Control Arm Bushing,Suspension,30,48.25,1447.5
51350-SDA-A03,ARM ONLY,Control Arm Bushing,Suspension,50,69.64,3482
51350-SNA-A03,ARM ONLY,Control Arm Bushing,Suspension,76,38.92,2957.92
51350-SR3-010,ARM ONLY,Control Arm Bushing,Suspension,50,41.95,2097.5
51350-T2A-A03,ARM ONLY,Control Arm Bushing,Suspension,50,86.25,4312.5
51350-T2A-B00,ARM ONLY,Control Arm Bushing,Suspension,50,86.25,4312.5
51350-TA0-A00,ARM ONLY,Control Arm Bushing,Suspension,50,80.95,4047.5
51355-S84-A00,ARM ONLY,Control Arm Bushing,Suspension,50,39.65,1982.5
51355-SV4-000,ARM ONLY,Control Arm Bushing,Suspension,30,37.95,1138.5
51360-S04-A10,ARM ONLY,Control Arm Bushing,Suspension,10,51.95,519.5
51360-S10-A00,ARM ONLY,Control Arm Bushing,Suspension,30,47.92,1437.6
51360-S5A-A03,ARM ONLY,Control Arm Bushing,Suspension,100,46.95,4695
51360-S9A-A02,ARM ONLY,Control Arm Bushing,Suspension,30,48.25,1447.5
51360-SDA-A03,ARM ONLY,Control Arm Bushing,Suspension,50,69.64,3482
51360-SNA-A03,ARM ONLY,Control Arm Bushing,Suspension,80,38.92,3113.6
51360-SR3-010,ARM ONLY,Control Arm Bushing,Suspension,50,41.95,2097.5
51360-T2A-A03,ARM ONLY,Control Arm Bushing,Suspension,50,86.25,4312.5
51360-T2A-B00,ARM ONLY,Control Arm Bushing,Suspension,50,88.25,4412.5
51360-TA0-A00,ARM ONLY,Control Arm Bushing,Suspension,50,80.95,4047.5
51365-S84-A00,ARM ONLY,Control Arm Bushing,Suspension,49,39.65,1942.85
51365-SV4-000,ARM ONLY,Control Arm Bushing,Suspension,30,37.95,1138.5
545512D000,"BUSH-FR LWR ARM""A""",Control Arm Bushing,Suspension,100,2.44,244
545512S000,"BUSH-FR LWR ARM""A""",Control Arm Bushing,Suspension,100,3.29,329
545513X000,"BUSH-FR LWR ARM""A""",Control Arm Bushing,Suspension,100,3.02,302
54551A4000,"BUSH-FR LWR ARM""A""",Control Arm Bushing,Suspension,100,3.45,345
54551C5000,"BUSH-FR LWR ARM""A""",Control Arm Bushing,Suspension,100,2.76,276
545841G000,"BUSH-FR LWR ARM""A""",Control Arm Bushing,Suspension,100,2.94,294
545842D000,BUSH-FR LWR ARM(G),Control Arm Bushing,Suspension,100,3.23,323
545842H000,BUSH-FR LWR ARM(G),Control Arm Bushing,Suspension,100,4.24,424
545842S100,BUSH-FR LWR ARM(G),Control Arm Bushing,Suspension,100,4.84,484
545842T000,BUSH-FR LWR ARM(G),Control Arm Bushing,Suspension,100,5.7,570
545843X000,BUSH-FR LWR ARM(G),Control Arm Bushing,Suspension,100,4.24,424
546102B000,BUSH-FR LWR ARM(G),Control Arm Bushing,Suspension,100,13.4,1340
545512B000,BUSHING,Control Arm Bushing,Suspension,100,3.89,389
545512H000,BUSHING-LWR ARM,Control Arm Bushing,Suspension,100,2.86,286
545513A000,BUSH-LWR ARM,Control Arm Bushing,Suspension,100,3.11,311
545842K000,"BUSH-LWR,ARM",Control Arm Bushing,Suspension,100,4.49,449
551181D000,LINK ASSY-FR STABILIZER RH,Control Arm Bushing,Suspension,100,2.07,207
253291R200,FILLER NECK ASSY-RADIATOR,Coolant Filler Neck,Cooling System,100,3.63,363
253293X600,FILLER NECK ASSY-RADIATOR,Coolant Filler Neck,Cooling System,100,6.05,605
254683C201,"PIPE-VENT AIR,A",Coolant Hose / Pipe,Cooling System,100,3.74,374
256202B003,HOUSING ASSY-THERMOSTAT,Coolant Hose Connector / Flange,Cooling System,100,10.27,1027
256202B600,HOUSING ASSY-THERMOSTAT,Coolant Hose Connector / Flange,Cooling System,100,10.27,1027
254302S000,COOL/TANK TUCSON 2.4L 10-,Coolant Reservoir,Cooling System,100,2.4,240
254311G000,RESERVOIR ASSY- RADIATOR,Coolant Reservoir,Cooling System,100,2.11,211
254312D000,RESERVOIR ASSY- RADIATOR,Coolant Reservoir,Cooling System,100,1.91,191
254312L000,RESERVOIR ASSY- RADIATOR,Coolant Reservoir,Cooling System,100,2.44,244
254313K000,RESERVOIR ASSY- RADIATOR,Coolant Reservoir,Cooling System,100,1.71,171
391802C500,CRANK SENSOR GENESIS 2.0L 10-1,Crankshaft Position Sensor,Ignition,100,13.08,1308
391802B000,CRANK SENSOR HYUNDAI 12-16,Crankshaft Position Sensor,Ignition,100,11.12,1112
214432B010,RET VOL.ACCENT 12-VELOSTER/SOU,Crankshaft Seal,Engine,100,2.9,290
214432G000,RET.VOLANTA KIA FORTE/KUOP 10-,Crankshaft Seal,Engine,100,3.91,391
214212B020,SEAL-OIL,Crankshaft Seal,Engine,100,1.14,114
223113C230,JTA BLK LH SEDONA 06-10,Cylinder Head Gasket,Engine,100,10.96,1096
223113C240,JTA BLK RH SEDONA 06-10,Cylinder Head Gasket,Engine,100,10.96,1096
223112B003,JY BLK BRIO 1.6L 2012-,Cylinder Head Gasket,Engine,100,11.03,1103
285212B400,EX GASKET SOUL 10-1.6LT,Exhaust Manifold Gasket,Exhaust & Emission,100,2.15,215
319113L000,FILTER ASSY-FUEL INTAKE,Fuel Filter,Fuel & Air,100,8.73,873
319112D000,FILTER-FUEL,Fuel Filter,Fuel & Air,100,14.57,1457
311121R100,FILTER-FUEL PUMP,Fuel Filter,Fuel & Air,100,12.7,1270
311122B000,FILTER-FUEL PUMP,Fuel Filter,Fuel & Air,100,15.99,1599
319102H000,REGULATOR-FUEL PRESSURE,Fuel Filter,Fuel & Air,100,14.35,1435
313802D000,FILTER-LONG LIFE FUEL,Fuel Injection Pressure Regulator,Fuel & Air,100,7.82,782
313803K000,FUEL PRESURE REG KIA/HYNDAI,Fuel Injection Pressure Regulator,Fuel & Air,100,7.95,795
353102B110,INYECTOR ACCENT/VELOSTER 12-17,Fuel Injector,Fuel & Air,100,27.04,2704
E2068,ELECTRIC FUEL PUMP,Fuel Pump,Fuel & Air,8000,4.99,39920
E7154,ELECTRIC FUEL PUMP,Fuel Pump,Fuel & Air,100,7.47,747
E8867,ELECTRIC FUEL PUMP,Fuel Pump,Fuel & Air,50,12.85,642.5
E2001,ELECTRIC FUEL PUMP ,Fuel Pump,Fuel & Air,200,7,1400
E2042,ELECTRIC FUEL PUMP ,Fuel Pump,Fuel & Air,50,6.5,325
E2067,ELECTRIC FUEL PUMP ,Fuel Pump,Fuel & Air,100,7.8,780
E2236,ELECTRIC FUEL PUMP ,Fuel Pump,Fuel & Air,50,15,750
E2366,ELECTRIC FUEL PUMP ,Fuel Pump,Fuel & Air,100,7.8,780
E2471,ELECTRIC FUEL PUMP ,Fuel Pump,Fuel & Air,300,6.72,2016
E2487,ELECTRIC FUEL PUMP ,Fuel Pump,Fuel & Air,50,7,350
E3270,ELECTRIC FUEL PUMP ,Fuel Pump,Fuel & Air,100,7.8,780
E3313,ELECTRIC FUEL PUMP ,Fuel Pump,Fuel & Air,100,8.55,855
E8012S,ELECTRIC FUEL PUMP ,Fuel Pump,Fuel & Air,400,5.05,2020
E8016S,ELECTRIC FUEL PUMP ,Fuel Pump,Fuel & Air,300,6.4,1920
E8023,ELECTRIC FUEL PUMP ,Fuel Pump,Fuel & Air,100,8.55,855
E8213,ELECTRIC FUEL PUMP ,Fuel Pump,Fuel & Air,200,6,1200
E8235,ELECTRIC FUEL PUMP ,Fuel Pump,Fuel & Air,100,9.62,962
P E8335,ELECTRIC FUEL PUMP ,Fuel Pump,Fuel & Air,50,5.32,266
P502,ELECTRIC FUEL PUMP ,Fuel Pump,Fuel & Air,400,6.4,2560
P503,ELECTRIC FUEL PUMP ,Fuel Pump,Fuel & Air,400,6.4,2560
P74037,ELECTRIC FUEL PUMP ,Fuel Pump,Fuel & Air,100,7.85,785
311111G500,PUMP ASSY-FUEL,Fuel Pump,Fuel & Air,100,49.1,4910
311121R000,PUMP-FUEL,Fuel Pump,Fuel & Air,100,12.7,1270
311102H000,B/GAS ELANTRA 07-08,Fuel Pump & Housing Assembly,Fuel & Air,100,81.47,8147
E3947M,FUEL PUMP MODULE,Fuel Pump & Housing Assembly,Fuel & Air,50,25,1250
E3952M,FUEL PUMP MODULE,Fuel Pump & Housing Assembly,Fuel & Air,25,32.2,805
E2291M,FUEL PUMP MODULE ,Fuel Pump & Housing Assembly,Fuel & Air,25,39.95,998.75
E3372M,FUEL PUMP MODULE ,Fuel Pump & Housing Assembly,Fuel & Air,25,21.45,536.25
E3500M,FUEL PUMP MODULE ,Fuel Pump & Housing Assembly,Fuel & Air,25,32.2,805
E3501M,FUEL PUMP MODULE ,Fuel Pump & Housing Assembly,Fuel & Air,25,27,675
 E3506M,FUEL PUMP MODULE ,Fuel Pump & Housing Assembly,Fuel & Air,25,28.95,723.75
 E3507M,FUEL PUMP MODULE ,Fuel Pump & Housing Assembly,Fuel & Air,25,29.95,748.75
E3509M,FUEL PUMP MODULE ,Fuel Pump & Housing Assembly,Fuel & Air,50,32.2,1610
E3549M,FUEL PUMP MODULE ,Fuel Pump & Housing Assembly,Fuel & Air,25,32.2,805
E3932M,FUEL PUMP MODULE ,Fuel Pump & Housing Assembly,Fuel & Air,50,32.2,1610
E3940M,FUEL PUMP MODULE ,Fuel Pump & Housing Assembly,Fuel & Air,30,33,990
E3941M,FUEL PUMP MODULE ,Fuel Pump & Housing Assembly,Fuel & Air,50,42.47,2123.5
E3950M,FUEL PUMP MODULE ,Fuel Pump & Housing Assembly,Fuel & Air,50,41.88,2094
E3953M,FUEL PUMP MODULE ,Fuel Pump & Housing Assembly,Fuel & Air,25,32.2,805
 E3954M,FUEL PUMP MODULE ,Fuel Pump & Housing Assembly,Fuel & Air,50,48.33,2416.5
E3971M,FUEL PUMP MODULE ,Fuel Pump & Housing Assembly,Fuel & Air,50,25,1250
E3992M,FUEL PUMP MODULE ,Fuel Pump & Housing Assembly,Fuel & Air,25,23.95,598.75
E7094M,FUEL PUMP MODULE ,Fuel Pump & Housing Assembly,Fuel & Air,25,25,625
 E7111M,FUEL PUMP MODULE ,Fuel Pump & Housing Assembly,Fuel & Air,25,32.2,805
E7117M,FUEL PUMP MODULE ,Fuel Pump & Housing Assembly,Fuel & Air,50,39.95,1997.5
E7127MN,FUEL PUMP MODULE ,Fuel Pump & Housing Assembly,Fuel & Air,50,39,1950
31110-2E300,FUEL PUMP MODULE HYUNDAI,Fuel Pump & Housing Assembly,Fuel & Air,50,47.26,2363
LF66-13-35XG,FUEL PUMP MODULE MAZDA ,Fuel Pump & Housing Assembly,Fuel & Air,50,27,1350
77020-02180,FUEL PUMP MODULE TOYOTA,Fuel Pump & Housing Assembly,Fuel & Air,25,42.96,1074
77020-02290,FUEL PUMP MODULE TOYOTA ,Fuel Pump & Housing Assembly,Fuel & Air,50,49.41,2470.5
77020-08030,FUEL PUMP MODULE TOYOTA ,Fuel Pump & Housing Assembly,Fuel & Air,50,47.26,2363
77020-08040,FUEL PUMP MODULE TOYOTA ,Fuel Pump & Housing Assembly,Fuel & Air,50,47.26,2363
231242B000,DAMPER CIG KIA SOUL 10-1.6LT,Harmonic Balancer,Engine,100,18.24,1824
231243C100,DAMPER CIG.SANTA FE V6 07-12 S,Harmonic Balancer,Engine,100,20.59,2059
231243C200,DAMPER SEDONA 3.8L 06-10,Harmonic Balancer,Engine,100,20.59,2059
231242G600,DAMPER SPORTAGE 2.4L 11-,Harmonic Balancer,Engine,100,18.58,1858
231242G000,PULLEY-DAMPER,Harmonic Balancer,Engine,100,19.1,1910
231243C111,PULLEY-DAMPER,Harmonic Balancer,Engine,100,21.18,2118
254702C400,TUBO BY PASS GENESIS 10-15 TUR,Heater Hose,Heat & Air Conditioning,100,16.97,1697
254602G201,TUBO BY PASS TUCSON 2.4LT 10-1,Heater Hose,Heat & Air Conditioning,100,6.09,609
254572B000,TUBO BY PASS VELOSTER/SOUL 12-,Heater Hose,Heat & Air Conditioning,100,9.19,919
252863C200,IDLER PULLEY SANTA FE 10-SONAT,Idler Pulley,Belt Drive,100,10.95,1095
931103K000,VALVE,Ignition Starter Switch,Electrical-Switch & Relay,100,6.57,657
284112B000,GASKET-INLET MANIFOLD,Intake Manifold Gasket,Engine,100,2.62,262
283132G700,GASKET-INTAKE MANIFOLD,Intake Manifold Gasket,Engine,100,1.38,138
284112B600,GASKET-INTAKE MANIFOLD,Intake Manifold Gasket,Engine,100,1.21,121
284113C111,JT INT LH SEDONA 06-,Intake Manifold Gasket,Engine,100,4.36,436
284113C121,JT INT RH SEDONA 06-,Intake Manifold Gasket,Engine,100,4.36,436
292153C100,GASKET-SURGE TANK,Intake Plenum Gasket,Engine,100,1.19,119
292153C150,GASKET-SURGE TANK,Intake Plenum Gasket,Engine,100,1.54,154
292153C200,GASKET-SURGE TANK,Intake Plenum Gasket,Engine,100,1.31,131
292153C301,GASKET-SURGE TANK,Intake Plenum Gasket,Engine,100,1.31,131
292153CFA0,GASKET-SURGE TANK,Intake Plenum Gasket,Engine,100,1.81,181
292153C701,JT PLENUM GENESIS 3.8L 10-12,Intake Plenum Gasket,Engine,100,1.54,154
393203C000,FILTER ASSY-FUEL,Knock / Detonation Sensor,Exhaust & Emission,100,20.12,2012
393002B000,MAP SENSOR HYUNDAI 10-16 KIA 0,Manifold Pressure (MAP) Sensor,Exhaust & Emission,100,14.8,1480
281643C100,SENSOR ASSY-AIR FLOW,Mass Air Flow (MAF) Sensor,Exhaust & Emission,100,53.51,5351
585102D500,CYLINDER ASSY-BRAKE MASTER,Master Cylinder,Brake & Wheel Hub,40,43.73,1749.2
585102H000,CYLINDER ASSY-BRAKE MASTER,Master Cylinder,Brake & Wheel Hub,100,38.29,3829
585102H300,CYLINDER ASSY-BRAKE MASTER,Master Cylinder,Brake & Wheel Hub,100,38.29,3829
585102S201,CYLINDER ASSY-BRAKE MASTER,Master Cylinder,Brake & Wheel Hub,100,44.08,4408
585102V200,CYLINDER ASSY-BRAKE MASTER,Master Cylinder,Brake & Wheel Hub,100,50.13,5013
585103K200,CYLINDER ASSY-BRAKE MASTER,Master Cylinder,Brake & Wheel Hub,100,44.86,4486
585103K300,CYLINDER ASSY-BRAKE MASTER,Master Cylinder,Brake & Wheel Hub,100,53.59,5359
587751G000,CYLINDER ASSY-BRAKE MASTER,Master Cylinder,Brake & Wheel Hub,100,6.74,674
585101R200,CYLINDER ASSY-WHEEL,Master Cylinder,Brake & Wheel Hub,50,38.03,1901.5
587752D000,VALVULA DE FRENOS ELANTRA 96-9,Master Cylinder,Brake & Wheel Hub,100,5.25,525
218102V000,B/MOT RH VELOSTER 12-=262535,Motor Mount,Engine,100,24.01,2401
218101G000,BRACKET ASSY-ENGINE MTG,Motor Mount,Engine,100,26.48,2648
218102H000,BRACKET ASSY-ENGINE MTG,Motor Mount,Engine,20,24.15,483
218102P000,BRACKET ASSY-ENGINE MTG,Motor Mount,Engine,40,33.46,1338.4
219101M050,BRACKET ASSY-ROLL STOPPER FR,Motor Mount,Engine,30,8.23,246.9
219102B200,BRACKET ASSY-ROLL STOPPER FR,Motor Mount,Engine,30,16.68,500.4
219102B500,BRACKET ASSY-ROLL STOPPER FR,Motor Mount,Engine,30,39.59,1187.7
219301G000,BRACKET ASSY-ROLL STOPPER RR,Motor Mount,Engine,40,18.76,750.4
219301H050,BRACKET ASSY-ROLL STOPPER RR,Motor Mount,Engine,60,17.29,1037.4
219302H000,BRACKET ASSY-ROLL STOPPER RR,Motor Mount,Engine,80,12.79,1023.2
219302B500,"BRACKET ASSY-ROLL STOPPER,RR",Motor Mount,Engine,60,25.93,1555.8
219101G000,COVER ASSY-T:M UPRR UNDER,Motor Mount,Engine,60,17.72,1063.2
219303S050,S/M SONATA 06-4CYL REAR,Motor Mount,Engine,40,18.33,733.2
219101M100,S/MOT FRONT KIA FORTE 10-STD,Motor Mount,Engine,30,8.03,240.9
219102D000,S/MOT FRT ELANTRA 01-06/T,Motor Mount,Engine,30,8.08,242.4
219102H000,S/MOT FRT ELANTRA 07-,Motor Mount,Engine,30,11.79,353.7
219102C050,S/MOT FRT TIB V6 AUT.03-,Motor Mount,Engine,100,8.34,834
218301R000,S/MOT LH RIO 2012-STD=262430,Motor Mount,Engine,80,23.4,1872
219302P000,S/MOT REAR SANTAFE 4CIL 2010-,Motor Mount,Engine,60,29.65,1779
219102H250,S/MOTOR FRONT ELANTRA 07-10,Motor Mount,Engine,25,11.79,294.75
219502V000,S/MOTOR FRT LOW RIO 12-=262281,Motor Mount,Engine,75,19.75,1481.25
218301R100,S/MOTOR REAR/STD ACCENT/VELOST,Motor Mount,Engine,50,23.4,1170
218101R000,S/MOTOR RH ACCENT 2012-BRIO,Motor Mount,Engine,50,24.01,1200.5
218102T000,S/MOTOR RH SONATA 11-2.4L,Motor Mount,Engine,30,26.93,807.9
218103Q750,S/MOTOR RH SONATA 2.0L 11-,Motor Mount,Engine,30,26.93,807.9
218103L500,S/MOTOR RH SONATA 2.4L 06-,Motor Mount,Engine,30,31.04,931.2
219301G160,SOP/TRANS REAR RIO/BRIO 06-11,Motor Mount,Engine,100,18.66,1866
26320-3CKB0,FILTER ASSY-AIR,Oil Filter,Engine,1500,5.38,8070
97133-c2000,FILTER ASSY-AIR,Oil Filter,Engine,1500,16.36,24540
97133-D3200,FILTER ASSY-AIR,Oil Filter,Engine,1500,9.64,14460
97133-f2000,FILTER ASSY-AIR,Oil Filter,Engine,1500,9.2,13800
97133-j5000,FILTER ASSY-AIR,Oil Filter,Engine,1500,14.14,21210
97133-J9000,FILTER ASSY-AIR,Oil Filter,Engine,1500,10.03,15045
263002Y500,FILTER ASSY-ENGINE OIL,Oil Filter,Engine,2500,2.61,6525
2630035503,FILTER ASSY-ENGINE OIL,Oil Filter,Engine,5000,2.61,13050
26300-35504,FILTER ASSY-ENGINE OIL,Oil Filter,Engine,1500,2.65,3975
2630035505,FILTER ASSY-ENGINE OIL,Oil Filter,Engine,2500,3.26,8150
26320-3C30A,SERVICE KIT-OIL FILTER,Oil Filter,Engine,1500,5.11,7665
263502J000,SERVICE KIT-OIL FILTER,Oil Filter,Engine,4000,5.68875,22755
263502S000,SERVICE KIT-OIL FILTER,Oil Filter,Engine,2500,6.21,15525
263502M000,SERVICE KIT-OIL FILTER(2),Oil Filter,Engine,4000,5.59875,22395
392203C100,OIL SWITCH SONATA V6 06-11 OTR,Oil Temperature Sender,Engine,100,3.25,325
826502D000,HAN.FR/LH/OUT ELANTRA 01-,Outside Door Handle,Body & Lamp Assembly,100,8.15,815
826602D000,HAN.FRT/RH/OUT.ELAN 01-06,Outside Door Handle,Body & Lamp Assembly,100,8.15,815
826512H000,HAN.OUT LH ELANTRA 07-10,Outside Door Handle,Body & Lamp Assembly,100,4.24,424
836502D000,HAN.OUT.RR/LH/ELAN 01-06,Outside Door Handle,Body & Lamp Assembly,100,8.15,815
836602D000,HAN.RR/RH OUT ELANTRA 01-,Outside Door Handle,Body & Lamp Assembly,100,8.15,815
8265022000CA,HANDLE LH/OUT ACCENT 95-,Outside Door Handle,Body & Lamp Assembly,100,6.25,625
8266022000CA,HANDLE RH OUT ACCENT95-98,Outside Door Handle,Body & Lamp Assembly,100,6.25,625
287512H000,JUNTA BAJANTE FRT ELANTRA 09-1,Pipe Flange Gasket / Seal,Exhaust & Emission,100,1.25,125
267403C200,PCV SEDONA 06-12,Positive Crankcase Ventilation (PCV) Valve,Exhaust & Emission,100,2.26,226
267402G000,VALVE-PCV,Positive Crankcase Ventilation (PCV) Valve,Exhaust & Emission,100,1.51,151
577402K001,BUSH-TRAILING ARM,Rack and Pinion Bellow,Steering,100,2.96,296
253801F251,BLOWER ASSY,Radiator Fan Assembly,Cooling System,100,121.88,12188
253801R050,BLOWER ASSY-RADIATOR,Radiator Fan Assembly,Cooling System,100,79.95,7995
253802M210,BLOWER ASSY-RADIATOR,Radiator Fan Assembly,Cooling System,100,65.53,6553
253802M250,BLOWER ASSY-RADIATOR,Radiator Fan Assembly,Cooling System,100,65.53,6553
253802S000,BLOWER ASSY-RADIATOR,Radiator Fan Assembly,Cooling System,100,79.35,7935
253802S500,BLOWER ASSY-RADIATOR,Radiator Fan Assembly,Cooling System,100,78.23,7823
253803X000,FAN/ASSY ELANTRA 11-FORTE 14-,Radiator Fan Assembly,Cooling System,100,90.93,9093
253861R140,MOTOR-RADIATOR COOLING FAN,Radiator Fan Assembly,Cooling System,100,47.71,4771
253862S500,MOTOR-RADIATOR COOLING FAN,Radiator Fan Assembly,Cooling System,100,44.95,4495
254312B100,RESERVOIR TANK,Radiator Inlet / Outlet Tank,Cooling System,100,2.36,236
254312B200,RESERVOIR TANK,Radiator Inlet / Outlet Tank,Cooling System,100,2.42,242
584113A300,ROT RR SANTA FE 01-06 TUC,Rotor,Brake & Wheel Hub,20,28.14,562.8
437941G100,C/CAMBIOS STD DOBLE RIO/BRIO 0,Shift Cable,Transmission-Manual,100,24.53,2453
343426,"""5601 SHOCK RR R/L SCION XA,XB"" 03-06",Shock / Strut,Suspension,100,9.08,908
332136,ACCENT 03-05 HYUNDAI ACCENT 03-05 LH,Shock / Strut,Suspension,108,15.43,1666.44
332135,ACCENT 03-05 HYUNDAI ACCENT 03-05 RH,Shock / Strut,Suspension,108,15.43,1666.44
335016,GSP SHCK F LH PATHFINDER 96-99,Shock / Strut,Suspension,120,19.22,2306.4
339262,HONDA CRV 07-11 LH FRONT,Shock / Strut,Suspension,102,18.83,1920.66
339261,HONDA CRV 07-11 RH FRONT,Shock / Strut,Suspension,102,18.83,1920.66
344314,HYU.SANTA FE 01-06 REAR,Shock / Strut,Suspension,100,10.51,1051
554385,KIA FORTE 10-13 REAR,Shock / Strut,Suspension,250,11.098,2774.5
343353,KIA RIO 01-07/02/02 REAR,Shock / Strut,Suspension,104,9.88,1027.52
339135,KYB STRUT LH FRONT SCION 08-14,Shock / Strut,Suspension,108,15.71,1696.68
339134,KYB STRUT RH FRONT SCION 08-14,Shock / Strut,Suspension,108,15.71,1696.68
334369,LANCER 04-06 (334420),Shock / Strut,Suspension,108,18.02,1946.16
339221,LH FRT STRUT ODYSSEY 05-07,Shock / Strut,Suspension,100,22.03,2203
339125,LH SHOCK ABSORBERS OUTL 08-11,Shock / Strut,Suspension,108,17.06,1842.48
339197,NISSAN ROGUE 08-12 FRONT LH,Shock / Strut,Suspension,100,19.59,1959
339196,NISSAN ROGUE 08-12 FRONT RH,Shock / Strut,Suspension,100,19.59,1959
341659,NISSAN SENTRA 07-12 REAR,Shock / Strut,Suspension,100,10.62,1062
341361,OUTLANDER 03-04 REAR,Shock / Strut,Suspension,104,10.82,1125.28
335015,PATHFINDER 96-99 RH,Shock / Strut,Suspension,120,19.55,2346
345056,PATHFINDER PATHFINDER 05-12 REAR,Shock / Strut,Suspension,100,9.69,969
340030,REAR HONDA ACCORD 08-12 LH,Shock / Strut,Suspension,104,12.37,1286.48
340029,REAR HONDA ACCORD 08-12 RH,Shock / Strut,Suspension,104,12.37,1286.48
339220,RH FRT STRUT 0DYSSEY 05-07,Shock / Strut,Suspension,100,22.03,2203
340031,SHCOK R R/L ACCORD 15-08,Shock / Strut,Suspension,100,11.98,1198
348007,SHOCK ABSORBER HYUNDAI ACCENT 07-11 REAR,Shock / Strut,Suspension,100,9.58,958
344439,SHOCK ABSORBER NISSAN MURANO 03-07 REAR,Shock / Strut,Suspension,100,9.43,943
333305,SHOCK F LH ACCENT 00-02,Shock / Strut,Suspension,108,13.68,1477.44
333517,SHOCK F LH ACCENT 06-11,Shock / Strut,Suspension,108,14.8,1598.4
333212,SHOCK F LH ACCENT 95-99,Shock / Strut,Suspension,108,14.54,1570.32
333355,SHOCK F LH AERIO 02-03,Shock / Strut,Suspension,120,15.31,1837.2
333432,SHOCK F LH AERIO 04-07,Shock / Strut,Suspension,216,16.79,3626.64
334337,SHOCK F LH ALTIMA 02-06,Shock / Strut,Suspension,100,16.22,1622
339147,SHOCK F LH ALTIMA 07-13,Shock / Strut,Suspension,104,17.27,1796.08
334643,SHOCK F LH CALIBER 07-11,Shock / Strut,Suspension,108,19.7,2127.6
334387,SHOCK F LH CAMRY 04-06,Shock / Strut,Suspension,100,18.22,1822
334246,SHOCK F LH CAMRY 97-01,Shock / Strut,Suspension,104,17.08,1776.32
334451,SHOCK F LH COROLLA 03-08,Shock / Strut,Suspension,208,16.14,3357.12
339115,SHOCK F LH COROLLA 09-13,Shock / Strut,Suspension,200,16.57,3314
234036,�SHOCK F LH COROLLA 88-92,Shock / Strut,Suspension,108,16.74,1807.92
234058,SHOCK F LH COROLLA 93-02,Shock / Strut,Suspension,650,14.06,9139
338004,SHOCK F LH ELANTRA 07-10,Shock / Strut,Suspension,208,16.4,3411.2
333206,SHOCK F LH ELANTRA 96-06,Shock / Strut,Suspension,108,16.22,1751.76
333313,SHOCK F LH ESTEEM 95-02,Shock / Strut,Suspension,120,14.41,1729.2
334465,SHOCK F LH G VITARA 06-13,Shock / Strut,Suspension,102,18.48,1884.96
334433,SHOCK F LH GALANT 04-11,Shock / Strut,Suspension,100,19.7,1970
334196,SHOCK F LH GRAN VITARA 99-04,Shock / Strut,Suspension,104,15.7,1632.8
334400,SHOCK F LH HIGLANDER 01-07,Shock / Strut,Suspension,104,19.7,2048.8
334318,SHOCK F LH HONDA ODYSSEY 99-04,Shock / Strut,Suspension,120,21.45,2574
339105,SHOCK F LH LANCER 08-11,Shock / Strut,Suspension,216,15.62,3373.92
235704,SHOCK F LH MATRIX 03-08,Shock / Strut,Suspension,108,15.69,1694.52
334701,SHOCK F LH MAZDA 3 04-13,Shock / Strut,Suspension,400,16.23,6492
234038,SHOCK F LH MAZDA 323 90,Shock / Strut,Suspension,100,18.83,1883
333319,SHOCK F LH MIRAGE 1.8 97-02,Shock / Strut,Suspension,210,14.52,3049.2
234062,SHOCK F LH MIRAGE 93-95,Shock / Strut,Suspension,120,14.7,1764
332113,SHOCK F LH MIRAGE 97-02,Shock / Strut,Suspension,120,14.72,1766.4
333225,SHOCK F LH MIRAGE 97-02 ONL,Shock / Strut,Suspension,108,14.8,1598.4
335031,SHOCK F LH PATHFINDER 99,Shock / Strut,Suspension,100,22.67,2267
333351,SHOCK F LH PROTEGE 01-03,Shock / Strut,Suspension,120,15.06,1807.2
333275,SHOCK F LH PROTEGE 99-00,Shock / Strut,Suspension,104,15.62,1624.48
335041,SHOCK F LH RAV4 01-05,Shock / Strut,Suspension,100,18.83,1883
339032,SHOCK F LH RAV4 06-09,Shock / Strut,Suspension,104,18.1,1882.4
333513,SHOCK F LH RIO 03-05,Shock / Strut,Suspension,104,15.48,1609.92
334501,SHOCK F LH SANTA FE 01-06,Shock / Strut,Suspension,100,19.17,1917
339129,SHOCK F LH SCION TC 05-10,Shock / Strut,Suspension,108,16.57,1789.56
333311,SHOCK F LH SENTRA 02-06,Shock / Strut,Suspension,108,14.41,1556.28
333395,SHOCK F LH SENTRA 02-06,Shock / Strut,Suspension,102,14.41,1469.82
333605,SHOCK F LH SENTRA 07-12,Shock / Strut,Suspension,216,16.74,3615.84
341365,SHOCK F LH SORENTO 03-06,Shock / Strut,Suspension,104,12.04,1252.16
333491,SHOCK F LH SPECTRA 04-09,Shock / Strut,Suspension,102,15.62,1593.24
339364,SHOCK F LH SX4 07-13,Shock / Strut,Suspension,204,17.65,3600.6
234054,SHOCK F LH TERCEL 91-94,Shock / Strut,Suspension,100,16.94,1694
333210,SHOCK F LH TERCEL 95-99,Shock / Strut,Suspension,216,14.28,3084.48
334503,SHOCK F LH TUCSON 05-10,Shock / Strut,Suspension,108,18.83,2033.64
334978,SHOCK F LH TUCSON 10-15,Shock / Strut,Suspension,102,15.62,1593.24
339233,SHOCK F LH VENZA 09-12,Shock / Strut,Suspension,108,18.15,1960.2
333391,SHOCK F LH VERSA 07-12,Shock / Strut,Suspension,108,14.5,1566
334473,SHOCK F LH YARIS 06-13,Shock / Strut,Suspension,400,15.32,6128
339082,SHOCK F R LANCER GTS 08-11,Shock / Strut,Suspension,240,16.56,3974.4
339083,SHOCK F R LANCER GTS 08-11,Shock / Strut,Suspension,240,16.57,3976.8
341330,SHOCK F R/L ACCORD 03-07,Shock / Strut,Suspension,112,11.09,1242.08
341257,SHOCK F R/L ACCORD 98-02,Shock / Strut,Suspension,224,11.09,2484.16
341203,SHOCK F R/L CIVIC 96-00,Shock / Strut,Suspension,104,11.09,1153.36
333258,SHOCK F R/L ECHO 00-05,Shock / Strut,Suspension,216,15.08,3257.28
234043,SHOCK F R/L EXCEL 90-94,Shock / Strut,Suspension,120,16.94,2032.8
341467,SHOCK F R/L FRONTIER 05-16,Shock / Strut,Suspension,104,13.73,1427.92
331017,SHOCK F R/L JEEP LIBERTY 02-12,Shock / Strut,Suspension,104,12.62,1312.48
334420,SHOCK F R/L LANCER 02-07,Shock / Strut,Suspension,208,15.87,3300.96
4060A382,SHOCK F R/L MIRAGE 14,Shock / Strut,Suspension,320,16.69,5340.8
334368,SHOCK F R/L OUTLANDER 03-06,Shock / Strut,Suspension,200,18.35,3670
341468,SHOCK F R/L PATFNDER 05-17,Shock / Strut,Suspension,104,13.73,1427.92
333385,�SHOCK F R/L SCION XB 04-06,Shock / Strut,Suspension,108,17.64,1905.12
232019,SHOCK F R/L SUZUKI SA310,Shock / Strut,Suspension,100,14.24,1424
333304,SHOCK F RH ACCENT 00-02,Shock / Strut,Suspension,108,13.68,1477.44
333516,SHOCK F RH ACCENT 06-11,Shock / Strut,Suspension,108,14.8,1598.4
333211,SHOCK F RH ACCENT 95-99,Shock / Strut,Suspension,108,14.54,1570.32
333354,SHOCK F RH AERIO 02-03,Shock / Strut,Suspension,120,15.31,1837.2
333431,SHOCK F RH AERIO 04-07,Shock / Strut,Suspension,216,16.79,3626.64
334336,SHOCK F RH ALTIMA 02-06,Shock / Strut,Suspension,100,16.22,1622
339146,SHOCK F RH ALTIMA 07-13,Shock / Strut,Suspension,104,17.27,1796.08
334642,SHOCK F RH CALIBER 07-11,Shock / Strut,Suspension,108,19.7,2127.6
334386,SHOCK F RH CAMRY 04-06,Shock / Strut,Suspension,100,18.22,1822
334245,SHOCK F RH CAMRY 97-01,Shock / Strut,Suspension,104,17.08,1776.32
334450,SHOCK F RH COROLLA 03-08,Shock / Strut,Suspension,208,16.14,3357.12
339114,SHOCK F RH COROLLA 09-13,Shock / Strut,Suspension,200,16.57,3314
234035,�SHOCK F RH COROLLA 88-92,Shock / Strut,Suspension,108,16.74,1807.92
234057,SHOCK F RH COROLLA 93-02,Shock / Strut,Suspension,650,14.06,9139
338003,SHOCK F RH ELANTRA 07-10,Shock / Strut,Suspension,208,16.4,3411.2
333617,SHOCK F RH ELANTRA 11-12,Shock / Strut,Suspension,100,15.97,1597
333618,SHOCK F RH ELANTRA 11-12,Shock / Strut,Suspension,100,15.97,1597
333205,SHOCK F RH ELANTRA 96-06,Shock / Strut,Suspension,108,16.22,1751.76
333312,SHOCK F RH ESTEEM 95-02,Shock / Strut,Suspension,120,14.41,1729.2
334464,SHOCK F RH G VITARA 06-13,Shock / Strut,Suspension,102,18.48,1884.96
334432,SHOCK F RH GALANT 04-11,Shock / Strut,Suspension,100,19.7,1970
334195,SHOCK F RH GRAN VITARA 99-04,Shock / Strut,Suspension,104,15.7,1632.8
334399,SHOCK F RH HIGLANDER 01-07,Shock / Strut,Suspension,104,19.7,2048.8
334317,SHOCK F RH HONDA ODYSSEY 99-04,Shock / Strut,Suspension,120,21.45,2574
339104,SHOCK F RH LANCER 08-11,Shock / Strut,Suspension,216,15.62,3373.92
235703,SHOCK F RH MATRIX 03-08,Shock / Strut,Suspension,108,15.69,1694.52
334700,SHOCK F RH MAZDA 3 04-13,Shock / Strut,Suspension,400,16.23,6492
333318,SHOCK F RH MIRAGE 1.8 97-02,Shock / Strut,Suspension,210,14.52,3049.2
234061,SHOCK F RH MIRAGE 93-95,Shock / Strut,Suspension,120,14.7,1764
332112,SHOCK F RH MIRAGE 97-02,Shock / Strut,Suspension,120,14.72,1766.4
333224,SHOCK F RH MIRAGE 97-02 ONL,Shock / Strut,Suspension,108,14.8,1598.4
335030,SHOCK F RH PATFINDER 99-00,Shock / Strut,Suspension,100,22.67,2267
333350,SHOCK F RH PROTEGE 01-03,Shock / Strut,Suspension,120,15.06,1807.2
333274,SHOCK F RH PROTEGE 99-00,Shock / Strut,Suspension,104,15.62,1624.48
335040,SHOCK F RH RAV4 01-05,Shock / Strut,Suspension,100,18.83,1883
339031,SHOCK F RH RAV4 06-09,Shock / Strut,Suspension,104,18.1,1882.4
333512,SHOCK F RH RIO 03-05,Shock / Strut,Suspension,104,15.48,1609.92
334500,SHOCK F RH SANTA FE 01-06,Shock / Strut,Suspension,100,19.17,1917
339128,SHOCK F RH SCION TC 05-10,Shock / Strut,Suspension,108,16.57,1789.56
333310,SHOCK F RH SENTRA 02-06,Shock / Strut,Suspension,108,14.41,1556.28
333394,SHOCK F RH SENTRA 02-06,Shock / Strut,Suspension,102,14.41,1469.82
333604,SHOCK F RH SENTRA 07-12,Shock / Strut,Suspension,216,16.74,3615.84
341364,SHOCK F RH SORENTO 03-06,Shock / Strut,Suspension,104,12.04,1252.16
333490,SHOCK F RH SPECTRA 04-09,Shock / Strut,Suspension,102,15.62,1593.24
232025,SHOCK F RH SWIFT 89-94,Shock / Strut,Suspension,100,14.24,1424
339363,SHOCK F RH SX4 07-13,Shock / Strut,Suspension,204,19.05,3886.2
234053,SHOCK F RH TERCEL 91-94,Shock / Strut,Suspension,100,18.05,1805
333209,SHOCK F RH TERCEL 95-99,Shock / Strut,Suspension,216,14.28,3084.48
334502,SHOCK F RH TUCSON 05-10,Shock / Strut,Suspension,108,18.83,2033.64
334977,SHOCK F RH TUCSON 10-15,Shock / Strut,Suspension,102,15.62,1593.24
339232,SHOCK F RH VENZA 09-12,Shock / Strut,Suspension,108,18.15,1960.2
333390,SHOCK F RH VERSA 07-10,Shock / Strut,Suspension,108,14.5,1566
334472,SHOCK F RH YARIS 06-13,Shock / Strut,Suspension,400,15.32,6128
335033,SHOCK FL PATHFINDER 04-02,Shock / Strut,Suspension,100,17.96,1796
335032,SHOCK FR PATHFINDER 04-02,Shock / Strut,Suspension,100,17.96,1796
338107,SHOCK Front Left ACCENT 12-17,Shock / Strut,Suspension,108,14.34,1548.72
338106,SHOCK Front RH ACCENT 12-17,Shock / Strut,Suspension,108,14.34,1548.72
331043,SHOCK FT R/L T. BLAZER 02-09,Shock / Strut,Suspension,100,13.78,1378
338026,SHOCK KIA FORTE 2013-10,Shock / Strut,Suspension,120,16.07,1928.4
338027,SHOCK KIA FORTE 2013-10,Shock / Strut,Suspension,120,14.87,1784.4
333382,SHOCK MITS.LANCER 02-05 FRONT,Shock / Strut,Suspension,216,14.88,3214.08
333357,SHOCK R LH AERIO 02-07,Shock / Strut,Suspension,216,15.73,3397.68
334134,SHOCK R LH CAMRY 92-01,Shock / Strut,Suspension,104,17.61,1831.44
234060,SHOCK R LH COROLLA 93-02,Shock / Strut,Suspension,520,14.84,7716.8
333208,SHOCK R LH ELANTRA 96-00,Shock / Strut,Suspension,108,16.4,1771.2
334429,SHOCK R LH HIGLANDER 01-03,Shock / Strut,Suspension,104,19.7,2048.8
234040,"SHOCK R LH MAZDA 323,PRO",Shock / Strut,Suspension,100,16.94,1694
333277,SHOCK R LH PROTEGE 99-03,Shock / Strut,Suspension,102,15.71,1602.42
341322,SHOCK R PRIUS 04-11,Shock / Strut,Suspension,104,11.09,1153.36
344612,SHOCK R R/L COROLLA 03-08,Shock / Strut,Suspension,208,11.09,2306.72
3410014,SHOCK R R/L COROLLA 14-16,Shock / Strut,Suspension,400,10.17,4068
341492,SHOCK R R/L CR-V 07-11,Shock / Strut,Suspension,104,11.04,1148.16
343295,SHOCK R R/L ECHO 00-05,Shock / Strut,Suspension,200,9.45,1890
343435,SHOCK R R/L G VITARA 06-12,Shock / Strut,Suspension,100,8.8,880
343247,SHOCK R R/L G VITARA 99-04,Shock / Strut,Suspension,100,8.05,805
341342,SHOCK R R/L LANCER 02-05,Shock / Strut,Suspension,204,11.25490196,2296
341368,SHOCK R R/L LANCER 02-07,Shock / Strut,Suspension,104,9.45,982.8
341425,SHOCK R R/L LANCER 08-11,Shock / Strut,Suspension,104,11.92,1239.68
344404,SHOCK R R/L LIBERTY 12-02,Shock / Strut,Suspension,100,10.64,1064
343412,SHOCK R R/L MAZDA 3 04-09,Shock / Strut,Suspension,200,9.77,1954
4162A219,SHOCK R R/L MIRAGE 14,Shock / Strut,Suspension,320,14.89,4764.8
341140,SHOCK R R/L MIRAGE 93-95,Shock / Strut,Suspension,800,10.26,8208
341348,SHOCK R R/L OUTLANDER 05,Shock / Strut,Suspension,104,11.09,1153.36
344045,SHOCK R R/L PATHFINDER 83-89,Shock / Strut,Suspension,100,8.98,898
343379,SHOCK R R/L PATHFINDER 99-04,Shock / Strut,Suspension,100,10.17,1017
343272,SHOCK R R/L RAV4 02-05,Shock / Strut,Suspension,100,9.4,940
349024,SHOCK R R/L RAV4 06-18,Shock / Strut,Suspension,100,10.26,1026
349097,SHOCK R R/L ROQUE 08-12,Shock / Strut,Suspension,100,10.46,1046
341279,SHOCK R R/L SENTRA 00-06,Shock / Strut,Suspension,104,11.26,1171.04
232027,SHOCK R R/L SWIFT 89-94,Shock / Strut,Suspension,100,13.6,1360
343493,SHOCK R R/L SX4 07-13,Shock / Strut,Suspension,300,13.5,4050
341125,SHOCK R R/L TERCEL 91-94,Shock / Strut,Suspension,104,10.13,1053.52
341191,SHOCK R R/L TERCEL 95-99,Shock / Strut,Suspension,312,10.26,3201.12
341448,SHOCK R R/L Toy CORO 09-10 REAR,Shock / Strut,Suspension,208,12.62,2624.96
554384,SHOCK R R/L VELOSTER 12-17,Shock / Strut,Suspension,100,8.65,865
348029,SHOCK R R/L VERSA 14-09,Shock / Strut,Suspension,100,8.77,877
343442,SHOCK R R/L YARIS 06-13,Shock / Strut,Suspension,200,9.45,1890
333356,SHOCK R RH AERIO 02-07,Shock / Strut,Suspension,216,15.73,3397.68
334133,SHOCK R RH CAMRY 92-01,Shock / Strut,Suspension,104,17.61,1831.44
234059,SHOCK R RH COROLLA 93-02,Shock / Strut,Suspension,520,14.84,7716.8
333207,SHOCK R RH ELANTRA 96-00,Shock / Strut,Suspension,108,16.4,1771.2
334428,SHOCK R RH HIGLANDER 01-03,Shock / Strut,Suspension,104,19.7,2048.8
333276,SHOCK R RH PROTEGE 99-03,Shock / Strut,Suspension,102,15.71,1602.42
341198,�SHOCK RR L/R CIVIC 96-00,Shock / Strut,Suspension,104,10.98,1141.92
334389,SHOCK RR LH CAMRY 04-06,Shock / Strut,Suspension,100,18.72,1872
234032,SHOCK RR LH COROLLA 88-92,Shock / Strut,Suspension,216,15.87,3427.92
334385,SHOCK RR LH HIGHLANDER 04-07,Shock / Strut,Suspension,100,18.86,1886
333216,�SHOCK RR LH SUZUKI ESTEEN 95-02 LH,Shock / Strut,Suspension,108,14.52,1568.16
344479,SHOCK RR NISSAN QUEST 04-09 REAR,Shock / Strut,Suspension,100,10.25,1025
348002,SHOCK RR R/L ACCENT 06-11,Shock / Strut,Suspension,200,9.48,1896
349075,SHOCK RR R/L ALTIMA 07-15,Shock / Strut,Suspension,100,11.18,1118
343460,SHOCK RR R/L CIVIC 06-11,Shock / Strut,Suspension,100,11.33,1133
341293,�SHOCK RR R/L GALANT 99-03,Shock / Strut,Suspension,208,10.92,2271.36
341654,SHOCK RR R/L JEEP DODGE CALIBER 07-12,Shock / Strut,Suspension,104,11.44,1189.76
341444,"SHOCK RR R/L LANCER DE,E 08-10",Shock / Strut,Suspension,208,10.51,2186.08
344300,SHOCK RR R/L MONTERO 01-06,Shock / Strut,Suspension,100,10.51,1051
341457,SHOCK RR R/L SCION TC 05,Shock / Strut,Suspension,104,11.63,1209.52
343395,SHOCK RR R/L T. BLAZER 02-09,Shock / Strut,Suspension,100,10.11,1011
343465,SHOCK RR R/L VERSA 07-12,Shock / Strut,Suspension,100,8.91,891
344440,SHOCK RR R/L XL7 02-06,Shock / Strut,Suspension,100,8.83,883
334388,SHOCK RR RH CAMRY 04-06,Shock / Strut,Suspension,100,18.72,1872
234031,�SHOCK RR RH COROL 88-92,Shock / Strut,Suspension,216,15.87,3427.92
334384,SHOCK RR RH HIGHLANDER 04-07,Shock / Strut,Suspension,100,18.86,1886
333215,�SHOCK RR SUZUKI ESTEEN 95-02 RH,Shock / Strut,Suspension,108,14.52,1568.16
339044,SHOCK TOYOTA CAMRY 07-11 LH,Shock / Strut,Suspension,100,17.18,1718
339043,SHOCK TOYOTA CAMRY 07-11 RH,Shock / Strut,Suspension,100,17.18,1718
349085,SHOCKS R R/L ELANTRA 10-07,Shock / Strut,Suspension,100,9.88,988
341454,SHOCKS REAR MITS.OUTLANDER 08-11 REAR,Shock / Strut,Suspension,208,11.3,2350.4
349035,SHOCKTOYOTA PRIUS 2010-15,Shock / Strut,Suspension,100,9.08,908
334505,STRUT KIA REAR SPORTAGE 05-10 LH,Shock / Strut,Suspension,100,18.83,1883
334504,STRUT KIA REAR SPORTAGE 05-10 RH,Shock / Strut,Suspension,100,18.83,1883
3340047,TOYOTA COROLLA F /R 14-16,Shock / Strut,Suspension,400,15.98,6392
3340048,TOYOTA COROLLA F/L 14-16,Shock / Strut,Suspension,400,15.98,6392
334242,TOYOTA RAV4 ALL 98-02 LH,Shock / Strut,Suspension,100,17.96,1796
334241,TOYOTA RAV4 ALL 98-02 RH,Shock / Strut,Suspension,100,17.96,1796
546104D000,B/SHK SEDONA 06-10,Shock / Strut Mount,Suspension,100,12.79,1279
546101G500,BASE SH LH BRIO/RIO 06-FR,Shock / Strut Mount,Suspension,100,7.01,701
553111G000,BASE SH REAR BRIO/RIO 06-,Shock / Strut Mount,Suspension,100,4.95,495
546111J000,BASE SHK (GOMA) ACCENT 12-,Shock / Strut Mount,Suspension,100,6.34,634
546232K000,BASE SHK BRIO 2012-FRONT,Shock / Strut Mount,Suspension,100,1.73,173
54610F2000,BASE SHK FRT ELANTRA 17-19,Shock / Strut Mount,Suspension,100,13.8,1380
54610D3000,BASE SHK FRT TUCSON 16-,Shock / Strut Mount,Suspension,100,10.61,1061
546102M000,BASE SHK GENESIS COUPE 10-12 F,Shock / Strut Mount,Suspension,100,9.15,915
546101G550,BASE SHK RH BRIO/RIO 06-,Shock / Strut Mount,Suspension,100,6.61,661
546202K000,BASE SHK RIO 12-16/ACCENT 12-S,Shock / Strut Mount,Suspension,100,1.87,187
546102S100,BASE SHK TUCSON 10-13 SPORTAGE,Shock / Strut Mount,Suspension,100,8.76,876
546103X200,BASE SHK VELOSTER 2012-++,Shock / Strut Mount,Suspension,100,8.76,876
546102H300,BASE SHOCK ELANTRA 07-12,Shock / Strut Mount,Suspension,100,9.69,969
546102C000,BASE SHOCK TIBURON 03-08,Shock / Strut Mount,Suspension,100,11.28,1128
553302S150,BRACKET ASSY-RR,Shock / Strut Mount,Suspension,100,8.56,856
55330D9000,BRACKET-SHOCK ABSORBER MTG,Shock / Strut Mount,Suspension,100,6.48,648
553302H000,"BUSH-RR TRAILING ARM,RH",Shock / Strut Mount,Suspension,100,10.8,1080
546102P500,INSULATOR ASSY-STRUT,Shock / Strut Mount,Suspension,100,11.67,1167
546102T000,INSULATOR ASSY-STRUT,Shock / Strut Mount,Suspension,100,10.23,1023
546102W000,INSULATOR ASSY-STRUT,Shock / Strut Mount,Suspension,100,10.89,1089
546122P000,INSULATOR ASSY-STRUT,Shock / Strut Mount,Suspension,100,6.74,674
339124,RH SHOCK ABSORBERS OUTL 08-11,Shock / Strut Mount,Suspension,108,17.06,1842.48
546122C000,WASHER BASE SHK RIO/BRIO 06-11,Shock / Strut Mount,Suspension,100,7.76,776
546123R000,WASHER BASE SHK TUCSON 10-SPOR,Shock / Strut Mount,Suspension,100,7.43,743
964202D500,SPEED SENSOR ELANTRA 00-TIBURO,Speed Sensor,Electrical,100,7.09,709
548121G000,BEARING-STRUT,Sway Bar Bushing,Suspension,100,1.21,121
555131F000,BRACKET-SHOCK ABSORBER MTG,Sway Bar Bushing,Suspension,100,2.76,276
548131F000,BUSH-STABILIZER BAR,Sway Bar Bushing,Suspension,100,1.47,147
548131W000,BUSH-STABILIZER BAR,Sway Bar Bushing,Suspension,100,1.99,199
548132C100,BUSH-STABILIZER BAR,Sway Bar Bushing,Suspension,100,1.64,164
548132S000,BUSH-STABILIZER BAR,Sway Bar Bushing,Suspension,100,1.38,138
548132T000,BUSH-STABILIZER BAR,Sway Bar Bushing,Suspension,100,2.86,286
548132V000,BUSH-STABILIZER BAR,Sway Bar Bushing,Suspension,100,1.46,146
548132W100,BUSH-STABILIZER BAR,Sway Bar Bushing,Suspension,100,2.33,233
548132Y000,BUSH-STABILIZER BAR,Sway Bar Bushing,Suspension,100,1.21,121
548133K000,BUSH-STABILIZER BAR,Sway Bar Bushing,Suspension,100,1.51,151
548133K200,BUSH-STABILIZER BAR,Sway Bar Bushing,Suspension,100,1.41,141
548133S110,BUSH-STABILIZER BAR,Sway Bar Bushing,Suspension,100,1.99,199
548133X500,BUSH-STABILIZER BAR,Sway Bar Bushing,Suspension,100,1.38,138
555132G100,BUSH-STABILIZER BAR,Sway Bar Bushing,Suspension,100,1.73,173
555132S000,BUSH-STABILIZER BAR,Sway Bar Bushing,Suspension,100,1.51,151
555133L000,BUSH-STABILIZER BAR,Sway Bar Bushing,Suspension,100,1.73,173
555133N100,BUSH-STABILIZER BAR,Sway Bar Bushing,Suspension,100,2.07,207
555432H000,BUSH-STABILIZER BAR,Sway Bar Bushing,Suspension,100,7.61,761
"54830-1G500
",LH -Link Estabilizadora Front- Hyundai,Sway Bar Link,Suspension,200,2.95,590
"54830-25010
",LH -Link Estabilizadora Front- Hyundai,Sway Bar Link,Suspension,200,2.95,590
"54830-26100
",LH -Link Estabilizadora Front- Hyundai,Sway Bar Link,Suspension,200,2.95,590
"54830-2B000
",LH -Link Estabilizadora Front- Hyundai,Sway Bar Link,Suspension,300,4.79,1437
"54830-2C000
",LH -Link Estabilizadora Front- Hyundai,Sway Bar Link,Suspension,150,5.443333333,816.5
"54830-2T000
",LH -Link Estabilizadora Front- Hyundai,Sway Bar Link,Suspension,300,4.07,1221
"54830-3M000
",LH -Link Estabilizadora Front- Hyundai,Sway Bar Link,Suspension,50,2.95,147.5
"54830-3R000
",LH -Link Estabilizadora Front- Hyundai,Sway Bar Link,Suspension,300,4.156666667,1247
"54830-C1000
",LH -Link Estabilizadora Front- Hyundai,Sway Bar Link,Suspension,300,4.473333333,1342
"0K2N1-34-170A
",LH -Link Estabilizadora Front- Kia,Sway Bar Link,Suspension,80,2.95,236
"0K33C-34-160A
",LH -Link Estabilizadora Front- Kia,Sway Bar Link,Suspension,50,2.95,147.5
"54811-3E010
",LH -Link Estabilizadora Front- Kia,Sway Bar Link,Suspension,80,2.85,228
"54830-2F000
",LH -Link Estabilizadora Front- Kia,Sway Bar Link,Suspension,50,2.89,144.5
"55530-26600
",LH -Link Estabilizadora Rear- Hyundai,Sway Bar Link,Suspension,50,2.78,139
"55530-C1100
",LH -Link Estabilizadora Rear- Hyundai,Sway Bar Link,Suspension,200,3.18,636
"55580-3E000
",LH -Link Estabilizadora Rear- Kia,Sway Bar Link,Suspension,100,2.87,287
"54830-29000
",LH/RH -Link Estabilizadora Front- Hyundai,Sway Bar Link,Suspension,200,2.95,590
"54830-2S200
",LH/RH -Link Estabilizadora Front- Hyundai,Sway Bar Link,Suspension,300,4.666666667,1400
"54830-3Q000
",LH/RH -Link Estabilizadora Front- Hyundai,Sway Bar Link,Suspension,200,2.95,590
"54830-4L000
",LH/RH -Link Estabilizadora Front- Hyundai,Sway Bar Link,Suspension,300,4.443333333,1333
"55530-29000
",LH/RH -Link Estabilizadora Rear- Hyundai,Sway Bar Link,Suspension,50,2.6,130
"55530-2B200
",LH/RH -Link Estabilizadora Rear- Hyundai,Sway Bar Link,Suspension,100,2.76,276
"55530-38600
",LH/RH -Link Estabilizadora Rear- Hyundai,Sway Bar Link,Suspension,200,2.65,530
"54830-2D000
",Link Estabilizadora Front- Hyundai,Sway Bar Link,Suspension,100,2.95,295
"54830-2E100
",Link Estabilizadora Front- Hyundai,Sway Bar Link,Suspension,200,2.95,590
"54830-2H200
",Link Estabilizadora Front- Hyundai,Sway Bar Link,Suspension,200,2.95,590
"54830-2W000
",Link Estabilizadora Front- Hyundai,Sway Bar Link,Suspension,300,4.963333333,1489
"54830-3K010
",Link Estabilizadora Front- Hyundai,Sway Bar Link,Suspension,150,5.703333333,855.5
"54810-3E000
",Link Estabilizadora Front- Kia,Sway Bar Link,Suspension,50,2.55,127.5
"55530-2E000
",Link Estabilizadora Rear- Hyundai,Sway Bar Link,Suspension,200,2.84,568
"55530-2G000
",Link Estabilizadora Rear- Hyundai,Sway Bar Link,Suspension,200,2.76,552
"55530-2H200
",Link Estabilizadora Rear- Hyundai,Sway Bar Link,Suspension,100,2.76,276
"55530-3K002
",Link Estabilizadora Rear- Hyundai,Sway Bar Link,Suspension,80,2.59,207.2
"55530-4D000
",Link Estabilizadora Rear- Hyundai,Sway Bar Link,Suspension,50,2.89,144.5
"55830-25000
",Link Estabilizadora Rear- Hyundai,Sway Bar Link,Suspension,80,2.26,180.8
548302H100,LINK FRT ELANTRA 07-09,Sway Bar Link,Suspension,100,6.09,609
548302M001,LINK FRT GENESIS COUPE 10-12,Sway Bar Link,Suspension,100,6.69,669
548302V000,LINK FRT KIA/HYUNDAI 14-17,Sway Bar Link,Suspension,100,7.85,785
548300U000,LINK KIT ELANTRA 12-ACCENT 12-,Sway Bar Link,Suspension,100,7.18,718
MB809230,LINK LH LOW RR MIRAGE 93-�MIRAGE 93-02,Sway Bar Link,Suspension,199,27.69,5510.31
MB809231,LINK RH LOW RR MIRAGE 93-�MIRAGE 93-01,Sway Bar Link,Suspension,200,29.59,5918
"54830-25020
",RH -Link Estabilizadora Front- Hyundai,Sway Bar Link,Suspension,200,2.95,590
"54840-26100
",RH -Link Estabilizadora Front- Hyundai,Sway Bar Link,Suspension,60,2.95,177
"54840-2B000
",RH -Link Estabilizadora Front- Hyundai,Sway Bar Link,Suspension,300,4.723333333,1417
"54840-2C000
",RH -Link Estabilizadora Front- Hyundai,Sway Bar Link,Suspension,130,5.826923077,757.5
"54840-2T000
",RH -Link Estabilizadora Front- Hyundai,Sway Bar Link,Suspension,300,4.07,1221
"54840-3M000
",RH -Link Estabilizadora Front- Hyundai,Sway Bar Link,Suspension,30,2.95,88.5
"54840-C1000
",RH -Link Estabilizadora Front- Hyundai,Sway Bar Link,Suspension,160,5.80625,929
"0K2N1-34-150A
",RH -Link Estabilizadora Front- Kia,Sway Bar Link,Suspension,80,2.95,236
"0K33C-34-150A
",RH -Link Estabilizadora Front- Kia,Sway Bar Link,Suspension,50,2.95,147.5
"54811-3E060
",RH -Link Estabilizadora Front- Kia,Sway Bar Link,Suspension,80,2.85,228
"54830-2K000
",RH -Link Estabilizadora Front- Kia,Sway Bar Link,Suspension,200,2.92,584
"54840-2F000
",RH -Link Estabilizadora Front- Kia,Sway Bar Link,Suspension,50,2.89,144.5
"54840-2K000
",RH -Link Estabilizadora Front- Kia,Sway Bar Link,Suspension,200,2.92,584
"54840-4D000
",RH -Link Estabilizadora Front- Kia,Sway Bar Link,Suspension,200,3.08,616
"55540-26600
",RH -Link Estabilizadora Rear- Hyundai,Sway Bar Link,Suspension,50,2.78,139
"55540-C1100
",RH -Link Estabilizadora Rear- Hyundai,Sway Bar Link,Suspension,200,3.18,636
"55580-3E050
",RH -Link Estabilizadora Rear- Kia,Sway Bar Link,Suspension,100,2.87,287
0K50F18840,COOLANT SENSOR RIO 01-05,Temperature Sender / Sensor,Cooling System,100,3.91,391
255002B000,TERMOSTATO ACCENT 12-VELOSTER/,Thermostat,Cooling System,100,4.58,458
255003C100,THERMOSTAT ASSY,Thermostat,Cooling System,100,8.64,864
256313CAA0,FITTING-COOLANT INLET,Thermostat Housing / Water Outlet,Cooling System,100,2.94,294
256312B051,WATER INLET ACCENT/VELOSTER 12,Thermostat Housing / Water Outlet,Cooling System,100,3.82,382
"56820-21100
",L/R -Terminal Afuera- Hyundai,Tie Rod End,Steering,80,3.67,293.6
"56820-3K500
",LH 80010 -Terminal Afuera- Hyundai,Tie Rod End,Steering,100,5.58,558
"56820-0U500
",LH -Terminal Afuera- Hyundai,Tie Rod End,Steering,200,5.44,1088
"56820-1E000
",LH -Terminal Afuera- Hyundai,Tie Rod End,Steering,200,4.98,996
"56820-2E000
",LH -Terminal Afuera- Hyundai,Tie Rod End,Steering,100,5.4,540
"56820-2H090
",LH -Terminal Afuera- Hyundai,Tie Rod End,Steering,200,5.4,1080
"56820-2S000
",LH -Terminal Afuera- Hyundai,Tie Rod End,Steering,200,5.68,1136
"57724-1G000
",LH -Terminal R/Pinion- Kia,Tie Rod End,Steering,200,4.22,844
"56820-3X000
",minal Afuera- Hyundai,Tie Rod End,Steering,200,5.44,1088
"56820-3X090
",minal Afuera- Hyundai,Tie Rod End,Steering,200,5.44,1088
"56820-3K510
",RH 80010 -Terminal Afuera- Hyundai,Tie Rod End,Steering,100,5.58,558
"56820-0U590
",RH -Terminal Afuera- Hyundai,Tie Rod End,Steering,200,5.44,1088
"56820-1E900
",RH -Terminal Afuera- Hyundai,Tie Rod End,Steering,200,4.98,996
"56820-2E900
",RH -Terminal Afuera- Hyundai,Tie Rod End,Steering,100,5.4,540
"56820-2H000
",RH -Terminal Afuera- Hyundai,Tie Rod End,Steering,200,5.4,1080
"56820-2S050
",RH -Terminal Afuera- Hyundai,Tie Rod End,Steering,200,5.68,1136
"57724-1G100
",RH -Terminal R/Pinion- Kia,Tie Rod End,Steering,200,4.22,844
"56820-25000
",Terminal Afuera- Hyundai,Tie Rod End,Steering,200,3.56,712
"56820-38000
",Terminal Afuera- Hyundai,Tie Rod End,Steering,80,4.6,368
"56820-38900
",Terminal Afuera- Hyundai,Tie Rod End,Steering,80,4.6,368
"56540-0U500
",Terminal R/Pinion- Hyundai,Tie Rod End,Steering,200,4.33,866
"56540-2H000
",Terminal R/Pinion- Hyundai,Tie Rod End,Steering,300,5.446666667,1634
"56540-3X000
",Terminal R/Pinion- Hyundai,Tie Rod End,Steering,300,5.553333333,1666
"57724-1E000
",Terminal R/Pinion- Hyundai,Tie Rod End,Steering,200,4.27,854
"57724-2B000
",Terminal R/Pinion- Hyundai,Tie Rod End,Steering,200,4.33,866
"57724-2D000
",Terminal R/Pinion- Hyundai,Tie Rod End,Steering,200,4.33,866
"57724-2E000
",Terminal R/Pinion- Hyundai,Tie Rod End,Steering,200,4.27,854
"57724-2W000
",Terminal R/Pinion- Hyundai,Tie Rod End,Steering,100,4.22,422
"57724-38010
",Terminal R/Pinion- Hyundai,Tie Rod End,Steering,100,4.54,454
"57724-3K000
",Terminal R/Pinion- Hyundai,Tie Rod End,Steering,100,4.27,427
"57755-25000
",Terminal R/Pinion- Hyundai,Tie Rod End,Steering,200,4.22,844
"56540-1G000
",Terminal R/Pinion- Kia,Tie Rod End,Steering,200,4.22,844
"56540-2K000
",Terminal R/Pinion- Kia,Tie Rod End,Steering,200,4.27,854
"56540-A7000
",Terminal R/Pinion- KIA,Tie Rod End,Steering,200,4.27,854
"KDX50-32-240B
",Terminal R/Pinion- Kia,Tie Rod End,Steering,50,4.27,213.5
219502S000,BRKT ASSY-ROLL ROD,Torque Strut Mount,Engine,60,31.8,1908
219502S100,BRKT ASSY-ROLL ROD,Torque Strut Mount,Engine,60,31.8,1908
219503X000,BRKT ASSY-ROLL ROD,Torque Strut Mount,Engine,60,20.23,1213.8
219501R000,HUESO MOTOR ACCENT 2012-BRIO,Torque Strut Mount,Engine,100,15.48,1548
218301G000,BRACKET ASSY-TRANSAXLE MTG,Transmission Mount,Transmission-Automatic,50,24.07,1203.5
218301G200,BRACKET ASSY-TRANSAXLE MTG,Transmission Mount,Transmission-Automatic,30,27.02,810.6
218302H100,BRACKET ASSY-TRANSAXLE MTG,Transmission Mount,Transmission-Automatic,30,25.68,770.4
218302P400,BRACKET ASSY-TRANSAXLE MTG,Transmission Mount,Transmission-Automatic,30,40.09,1202.7
218302S000,BRACKET ASSY-TRANSAXLE MTG,Transmission Mount,Transmission-Automatic,30,31.68,950.4
218303S100,S/SONATA 2.4L 11-LH WO/SPORT.S,Transmission Mount,Transmission-Automatic,60,29.91,1794.6
218323M300,S/TRANS GENESIS 09-14 AT,Transmission Mount,Transmission-Automatic,10,13.3,133
218303K000,S/TRANS SONATA 06-4CYL,Transmission Mount,Transmission-Automatic,30,17.74,532.2
218303Q750,S/TRANS.LH SONATA 2.0LT 11-,Transmission Mount,Transmission-Automatic,30,27.91,837.3
491404A000,UNION SANTAFE 01-07 V6,Universal Joint,Drivetrain,100,15.9,1590
224102G100,COVER ASSY-ROCKER,Valve Cover,Engine,20,27.48,549.6
224412B610,GASKET-ROCKER COVER,Valve Cover Gasket,Engine,100,6.92,692
224412G000,GASKET-ROCKER COVER,Valve Cover Gasket,Engine,40,4.47,178.8
224412G100,GASKET-ROCKER COVER,Valve Cover Gasket,Engine,100,6.14,614
224533C110,GASKET-ROCKER COVER LH,Valve Cover Gasket,Engine,100,7,700
224533C710,GASKET-ROCKER COVER LH,Valve Cover Gasket,Engine,100,4.8,480
224413C110,GASKET-ROCKER COVER RH,Valve Cover Gasket,Engine,100,7,700
224413C710,GASKET-ROCKER COVER RH,Valve Cover Gasket,Engine,100,4.8,480
243552G000,OIL CONTROL VALVE ASSY,Variable Valve Timing (VVT) Solenoid / Actuator,Engine,100,30.97,3097
243752G500,OIL FLOW CONTROL VALVE-EXH,Variable Valve Timing (VVT) Solenoid / Actuator,Engine,100,30.97,3097
243552G500,OIL FLOW CONTROL VALVE-INT,Variable Valve Timing (VVT) Solenoid / Actuator,Engine,100,30.97,3097
243603CAA2,VTTI SELENOID HYUNDAI/KIA 12-1,Variable Valve Timing (VVT) Solenoid / Actuator,Engine,100,33.92,3392
243553C200,VVTI SELENOID HYUNDAI/KIA 06-1,Variable Valve Timing (VVT) Solenoid / Actuator,Engine,100,34.17,3417
243553C100,VVTI SELENOID KIA/HYUNDAI 06-1,Variable Valve Timing (VVT) Solenoid / Actuator,Engine,100,34.17,3417
243603CAB2,VVTI SELENOIN HYUNDAI/KIA 12-1,Variable Valve Timing (VVT) Solenoid / Actuator,Engine,100,33.92,3392
251002G510,B/AGUA OPTIMA 11-15/SORENTO 11,Water Pump,Cooling System,100,38.7,3870
251002B700,B/AGUA RIO 12-16/SOUL 10-16/VE,Water Pump,Cooling System,100,24.11,2411
251002G400,B/AGUA S/FE 2.0L 13-/SONATA 11,Water Pump,Cooling System,100,37.7,3770
251003C121,B/AGUA SEDONA 06-,Water Pump,Cooling System,100,45.41,4541
251102C400,PUMP ASSY-COOLENT,Water Pump,Cooling System,100,48.06,4806
517202D000,C/B.FW ELANTRA 01-,Wheel Bearing,Brake & Wheel Hub,50,19.84,992
517202H000,C/B.FW ELANTRA 07-08,Wheel Bearing,Brake & Wheel Hub,100,20.42,2042
517203A200,C/B.FW KIA AMANTI 04-V6,Wheel Bearing,Brake & Wheel Hub,50,21.6,1080
527302H000,C/BOLA RW ELANTRA 07-,Wheel Bearing,Brake & Wheel Hub,80,47.09,3767.2
527501G000/500,BUJE RW BRIO 06-WO/ABS,Wheel Bearing & Hub,Brake & Wheel Hub,100,38.02,3802
527103X000,BUJE RW ELANTRA SEDAN 11-12,Wheel Bearing & Hub,Brake & Wheel Hub,100,38.53,3853
527102C101,BUJE RW TIBURON 03-W/ABS,Wheel Bearing & Hub,Brake & Wheel Hub,10,35.82,358.2
527102C001,BUJE RW TIBURON 03-WO/ABS,Wheel Bearing & Hub,Brake & Wheel Hub,10,35.51,355.1
527102D000/01,BUJE TRAS.ELANTRA 2001-,Wheel Bearing & Hub,Brake & Wheel Hub,40,34.34,1373.6
527500U000,CAJA BOLAS RR ACCENT 2012-RIO,Wheel Bearing & Hub,Brake & Wheel Hub,100,37.44,3744
517503A000,BUJE FRT SANTA FE 2001,Wheel Hub,Brake & Wheel Hub,50,15.96,798
517503K000,BUJE FW SONATA V6 06-12/AZERA,Wheel Hub,Brake & Wheel Hub,50,24.53,1226.5
517501J000,CYLINDER ASSY-CLUTCH MASTER,Wheel Hub,Brake & Wheel Hub,100,20.4,2040
517501P000,HUB ASSY-FR WHEEL,Wheel Hub,Brake & Wheel Hub,100,20.31,2031
517502C003,HUB ASSY-FR WHEEL,Wheel Hub,Brake & Wheel Hub,100,21.54,2154
517502D003,HUB ASSY-FR WHEEL,Wheel Hub,Brake & Wheel Hub,40,18.39,735.6
517502H000,HUB ASSY-FR WHEEL,Wheel Hub,Brake & Wheel Hub,50,17.92,896
517503J000,HUB ASSY-FR WHEEL,Wheel Hub,Brake & Wheel Hub,100,58.52,5852
51750A5000,HUB ASSY-FR WHEEL,Wheel Hub,Brake & Wheel Hub,40,23.68,947.2
51750B1050,HUB ASSY-FR WHEEL,Wheel Hub,Brake & Wheel Hub,10,76.93,769.3
527102C305,HUB ASSY-FR WHEEL,Wheel Hub,Brake & Wheel Hub,30,36.56,1096.8
527732G000,HUB ASSY-RR WHEEL,Wheel Hub,Brake & Wheel Hub,100,3.07,307
517503D000,HUB-FR WHEEL,Wheel Hub,Brake & Wheel Hub,50,21.08,1054
